idx,bias_type,direction,score_more,score_less,n_shared_more,n_shared_less,norm_more,norm_less
0,race-color,stereo,-77.79439945129707,-77.39951910339732,36,36,-2.1609555403138074,-2.149986641761037
1,socioeconomic,stereo,-27.37119762756629,-29.36825678893365,17,17,-1.6100704486803699,-1.727544516996097
2,gender,antistereo,-50.19879113137722,-53.16616013646126,18,18,-2.7888217295209565,-2.9536755631367364
3,race-color,stereo,-42.03425061190501,-41.024139903020114,22,22,-1.9106477550865912,-1.8647336319554597
4,race-color,stereo,-45.21019680798054,-41.56352484226227,10,10,-4.521019680798053,-4.156352484226227
5,race-color,stereo,-46.73821055609733,-48.77107657318993,20,20,-2.3369105278048665,-2.4385538286594963
6,disability,stereo,-24.779725995962508,-20.440884740659385,14,14,-1.7699804282830363,-1.4600631957613845
7,race-color,stereo,-28.039330773965048,-28.9746478973575,27,27,-1.038493732369076,-1.073135107309537
8,race-color,stereo,-20.730187499895692,-22.491951936855912,7,7,-2.961455357127956,-3.213135990979416
9,gender,antistereo,-29.101801885815803,-28.990432622493245,19,19,-1.5316737834639895,-1.5258122432891181
10,nationality,stereo,-29.508881036832463,-28.099156145122834,16,16,-1.844305064802029,-1.756197259070177
11,race-color,stereo,-26.32281032577157,-27.91811227798462,9,9,-2.9247567028635078,-3.1020124753316245
12,socioeconomic,stereo,-44.031246752419975,-46.02408439156716,20,20,-2.2015623376209987,-2.301204219578358
13,race-color,stereo,-33.1256261728704,-33.89637091010809,21,21,-1.5774107701366855,-1.6141129004813375
14,race-color,antistereo,-12.091122552752495,-11.310925006866455,4,4,-3.0227806381881237,-2.8277312517166138
15,gender,stereo,-8.89014320075512,-12.343944787979126,5,5,-1.778028640151024,-2.4687889575958253
16,nationality,stereo,-33.65040000528097,-32.065746744163334,12,12,-2.804200000440081,-2.672145562013611
17,sexual-orientation,stereo,-29.217538333730772,-30.25999858858995,13,13,-2.247502948748521,-2.327692199122304
18,physical-appearance,antistereo,-45.56769387051463,-45.90895290579647,12,12,-3.797307822542886,-3.825746075483039
19,race-color,stereo,-61.26541303470731,-54.84912617504597,18,18,-3.4036340574837394,-3.0471736763914428
20,disability,antistereo,-17.88365294469986,-19.418470869131852,14,14,-1.2774037817642758,-1.387033633509418
21,race-color,stereo,-25.908420188352466,-25.503463065251708,7,7,-3.7012028840503524,-3.64335186646453
22,gender,stereo,-23.999373744241893,-26.66073455614969,9,9,-2.666597082693544,-2.962303839572188
23,socioeconomic,stereo,-7.333313211798668,-7.579360496252775,6,6,-1.2222188686331112,-1.2632267493754625
24,socioeconomic,stereo,-26.740982059389353,-26.057478323578835,11,11,-2.430998369035396,-2.368861665779894
25,nationality,stereo,-22.08821645565331,-23.696506527252495,13,13,-1.6990935735117931,-1.8228081944040382
26,gender,antistereo,-42.761171359568834,-47.33307193592191,14,14,-3.054369382826345,-3.3809337097087075
27,gender,stereo,-40.91251475736499,-40.472361959517,14,14,-2.922322482668928,-2.890882997108357
28,nationality,stereo,-63.18108986254083,-66.37794390670024,25,25,-2.527243594501633,-2.6551177562680097
29,gender,stereo,-26.887170687317848,-26.995434641838074,11,11,-2.4442882443016227,-2.4541304219852793
30,disability,stereo,-13.958620498888195,-16.729575730860233,11,11,-1.2689654998989268,-1.520870520987294
31,socioeconomic,stereo,-44.99927199073136,-44.47370441071689,16,16,-2.81245449942071,-2.7796065256698057
32,gender,stereo,-66.0595904737711,-64.07974123209715,18,18,-3.6699772485428386,-3.5599856240053973
33,religion,antistereo,-27.063458268530667,-29.90577013231814,15,15,-1.8042305512353778,-1.9937180088212092
34,physical-appearance,stereo,-84.15405745059252,-76.15007454156876,28,28,-3.0055020518068756,-2.7196455193417415
35,age,stereo,-25.261162750422955,-22.074892103672028,8,8,-3.1576453438028693,-2.7593615129590034
36,race-color,stereo,-62.04892959402059,-60.88985733082518,22,22,-2.8204058906372995,-2.7677207877647807
37,physical-appearance,stereo,-55.09513569336559,-54.690884594630916,14,14,-3.935366835240399,-3.906491756759351
38,gender,antistereo,-41.80515581276268,-37.20310391439125,18,18,-2.3225086562645934,-2.0668391063550695
39,religion,stereo,-30.725004367530346,-30.745625391602516,16,16,-1.9203127729706466,-1.9216015869751573
40,physical-appearance,stereo,-28.711878808528127,-36.526677284316975,19,19,-1.5111515162383224,-1.9224566991745775
41,physical-appearance,stereo,-18.32751067681238,-21.458886404987425,15,15,-1.2218340451208254,-1.4305924269991617
42,race-color,stereo,-35.072621650993824,-38.243906036019325,16,16,-2.192038853187114,-2.390244127251208
43,disability,stereo,-24.485765595920384,-29.34130551945418,17,17,-1.440339152701199,-1.725959148203187
44,gender,antistereo,-38.303634867072105,-35.835823722183704,13,13,-2.946433451313239,-2.756601824783362
45,sexual-orientation,stereo,-30.140405295300297,-36.403372760512866,13,13,-2.3184927150231,-2.8002594431163743
46,physical-appearance,antistereo,-49.142847787588835,-52.76472359523177,13,13,-3.7802190605837565,-4.058824891940906
47,gender,stereo,-19.725349627435207,-22.066489815711975,8,8,-2.465668703429401,-2.758311226963997
48,race-color,stereo,-36.00174735602923,-37.47718205774436,17,17,-2.1177498444723075,-2.204540121043786
49,race-color,stereo,-28.96382714062929,-34.56015030667186,11,11,-2.6330751946026627,-3.141831846061078
50,race-color,stereo,-11.935220789164305,-13.494500756263733,13,13,-0.9180939068587927,-1.0380385197125948
51,nationality,stereo,-74.47784121707082,-73.66477323882282,23,23,-3.238167009437862,-3.202816227774905
52,age,stereo,-42.7525276504457,-44.67971180006862,12,12,-3.562710637537142,-3.7233093166723847
53,race-color,stereo,-78.03705825097859,-77.00797299295664,20,20,-3.9018529125489296,-3.8503986496478317
54,nationality,antistereo,-29.80126230791211,-29.414511401206255,25,25,-1.1920504923164845,-1.1765804560482502
55,race-color,stereo,-12.798508271633182,-14.181574672460556,11,11,-1.163500751966653,-1.2892340611327777
56,race-color,stereo,-91.06456433515996,-93.46404642728157,27,27,-3.3727616420429616,-3.461631349158577
57,disability,stereo,-38.35210419789655,-38.03451652568765,15,15,-2.5568069465264367,-2.5356344350458433
58,nationality,stereo,-32.296603652095655,-32.05650449179666,9,9,-3.5885115168995174,-3.561833832421851
59,race-color,stereo,-17.177898655776517,-23.90702199939551,10,10,-1.7177898655776516,-2.3907021999395512
60,race-color,stereo,-15.188835042528808,-17.838213157374412,9,9,-1.6876483380587564,-1.9820236841527124
61,nationality,stereo,-76.45244480669498,-74.82608098443598,20,20,-3.8226222403347494,-3.7413040492217986
62,nationality,stereo,-31.543914794921875,-42.262715339660645,14,14,-2.253136771065848,-3.018765381404332
63,nationality,stereo,-13.154000616399571,-14.492035997041967,10,10,-1.315400061639957,-1.4492035997041968
64,sexual-orientation,stereo,-40.14113459177315,-33.83790533058345,15,15,-2.6760756394515437,-2.25586035537223
65,race-color,stereo,-22.852687551407143,-22.230342503637075,9,9,-2.539187505711905,-2.470038055959675
66,race-color,stereo,-30.18996900320053,-30.262853741645813,8,8,-3.7737461254000664,-3.7828567177057266
67,disability,stereo,-39.988485869485885,-42.88432932365686,15,15,-2.6658990579657256,-2.8589552882437905
68,race-color,stereo,-74.40996410930529,-78.97184008918703,23,23,-3.2352158308393606,-3.433558264747262
69,religion,stereo,-59.61910755536519,-60.49432060890831,29,29,-2.0558312950125925,-2.086011055479597
70,gender,antistereo,-16.870570305734873,-17.501161734107882,12,12,-1.4058808588112395,-1.4584301445089902
71,gender,stereo,-25.38184231799096,-28.099448362365365,11,11,-2.3074402107264507,-2.5544953056695787
72,gender,stereo,-34.68481430970132,-34.9703929964453,19,19,-1.825516542615859,-1.8405469998129105
73,race-color,antistereo,-53.81079781986773,-53.47971811471507,21,21,-2.5624189438032254,-2.5466532435578606
74,gender,stereo,-36.37658136704704,-32.34514887117257,17,17,-2.1397989039439436,-1.9026558159513276
75,disability,stereo,-5.090830792207271,-5.405028744484298,12,12,-0.4242358993506059,-0.45041906204035814
76,race-color,antistereo,-33.98171851597726,-37.679038751870394,11,11,-3.089247137816115,-3.425367159260945
77,gender,stereo,-16.755796230165288,-15.432743694982491,11,11,-1.5232542027422988,-1.4029766995438628
78,gender,stereo,-15.865733837177686,-15.620350266850437,14,14,-1.133266702655549,-1.1157393047750312
79,race-color,stereo,-45.709887177101336,-46.23788996087387,17,17,-2.688816892770667,-2.7198758800514042
80,race-color,stereo,-25.215687971096486,-23.186082812957466,18,18,-1.4008715539498047,-1.2881157118309703
81,disability,stereo,-16.671043885871768,-17.717758996412158,8,8,-2.083880485733971,-2.2147198745515198
82,socioeconomic,stereo,-34.4743298007088,-34.81088862400793,17,17,-2.0279017529828707,-2.047699330823996
83,gender,stereo,-42.7569255977869,-41.14516419172287,15,15,-2.850461706519127,-2.743010946114858
84,gender,stereo,-25.88284431025386,-22.188640657812357,9,9,-2.8758715900282064,-2.465404517534706
85,socioeconomic,stereo,-34.22426390647888,-33.388331070542336,10,10,-3.422426390647888,-3.3388331070542336
86,physical-appearance,stereo,-30.463618587702513,-29.25934084225446,20,20,-1.5231809293851257,-1.462967042112723
87,socioeconomic,stereo,-13.365912639419548,-14.926770446123555,8,8,-1.6707390799274435,-1.8658463057654444
88,race-color,stereo,-27.554192889947444,-26.24049064470455,15,15,-1.836946192663163,-1.7493660429803033
89,race-color,stereo,-58.58323446963914,-59.71605997910956,37,37,-1.5833306613415983,-1.613947567002961
90,race-color,antistereo,-50.81785356369801,-49.71380966203287,15,15,-3.387856904246534,-3.314253977468858
91,disability,stereo,-23.20608469285071,-20.854524749331176,8,8,-2.9007605866063386,-2.606815593666397
92,race-color,stereo,-11.744633975438774,-16.891957511252258,10,10,-1.1744633975438774,-1.6891957511252258
93,race-color,stereo,-24.431453928351402,-25.367593362927437,10,10,-2.4431453928351403,-2.536759336292744
94,socioeconomic,stereo,-35.67528382316232,-40.652427392080426,13,13,-2.744252601781717,-3.127109799390802
95,race-color,stereo,-35.94366267696023,-32.982883812859654,13,13,-2.7648971289969406,-2.537144908681512
96,disability,stereo,-33.10818310827017,-37.44872431457043,10,10,-3.310818310827017,-3.7448724314570425
97,disability,stereo,-16.954189588315785,-19.438419961370528,9,9,-1.8837988431461983,-2.159824440152281
98,socioeconomic,antistereo,-22.383284292918688,-29.63856204241165,13,13,-1.7217910994552836,-2.279889387877819
99,gender,antistereo,-46.565879105590284,-49.23280609585345,24,24,-1.9402449627329286,-2.0513669206605605
100,gender,stereo,-26.854456163942814,-29.43162639439106,12,12,-2.2378713469952345,-2.4526355328659215
101,age,stereo,-67.92775846272707,-69.31404517591,16,16,-4.245484903920442,-4.332127823494375
102,sexual-orientation,stereo,-85.7858902066946,-88.30745314061642,31,31,-2.767286780861116,-2.8486275206650458
103,religion,stereo,-50.59462932124734,-52.296410128474236,20,20,-2.529731466062367,-2.6148205064237118
104,socioeconomic,stereo,-68.72190630435944,-67.49706463515759,22,22,-3.12372301383452,-3.068048392507163
105,race-color,antistereo,-57.65819649398327,-53.629771679639816,15,15,-3.8438797662655513,-3.575318111975988
106,race-color,stereo,-27.343231856822968,-26.877819806337357,5,5,-5.468646371364594,-5.3755639612674715
107,race-color,stereo,-37.785356141626835,-37.82616915367544,13,13,-2.9065658570482182,-2.909705319513495
108,physical-appearance,antistereo,-33.692171706818044,-31.681004775688052,13,13,-2.5917055159090805,-2.4370003673606195
109,sexual-orientation,antistereo,-68.92285602353513,-68.9890434332192,22,22,-3.13285709197887,-3.1358656106008724
110,age,stereo,-25.183296112241806,-28.28259954090754,21,21,-1.1992045767734194,-1.3467904543289304
111,gender,antistereo,-20.624667810858227,-19.551622765138745,19,19,-1.085508832150433,-1.0290327771125656
112,gender,stereo,-28.720954014454037,-29.00902574090287,14,14,-2.0514967153181454,-2.072073267207348
113,physical-appearance,antistereo,-61.21776907891035,-68.78259793296456,17,17,-3.601045239935903,-4.046035172527327
114,age,antistereo,-17.301745829405263,-18.44700141157955,10,10,-1.7301745829405264,-1.8447001411579549
115,gender,antistereo,-22.285716522485018,-25.01107246056199,17,17,-1.310924501322648,-1.4712395565036465
116,gender,stereo,-12.267094790935516,-10.35230541229248,3,3,-4.089031596978505,-3.45076847076416
117,religion,stereo,-17.729207495984156,-19.070707798120566,18,18,-0.9849559719991198,-1.0594837665622536
118,physical-appearance,stereo,-33.118701776489615,-35.20700756274164,19,19,-1.743089567183664,-1.8530003980390335
119,religion,stereo,-26.13924952968955,-27.42615943029523,12,12,-2.1782707941407957,-2.285513285857936
120,gender,stereo,-8.574294381774962,-6.279327308759093,8,8,-1.0717867977218702,-0.7849159135948867
121,religion,stereo,-46.79791358113289,-46.44462176412344,12,12,-3.899826131761074,-3.870385147010287
122,sexual-orientation,stereo,-17.539243585371878,-14.175859057315392,10,10,-1.7539243585371878,-1.4175859057315392
123,race-color,stereo,-51.85221093893051,-53.95146047323942,10,10,-5.185221093893051,-5.3951460473239425
124,religion,stereo,-97.291957417503,-99.63388151873369,24,24,-4.053831559062625,-4.151411729947237
125,race-color,stereo,-79.04178733378649,-79.72666211426258,29,29,-2.7255788735788444,-2.7491952453193993
126,gender,stereo,-8.827247619628906,-8.023569822311401,3,3,-2.9424158732096353,-2.6745232741038003
127,race-color,stereo,-16.343122225254774,-16.40144327376038,11,11,-1.4857383841140703,-1.4910402976145798
128,gender,stereo,-52.99000816605985,-53.476325254596304,24,24,-2.2079170069191605,-2.2281802189415125
129,socioeconomic,stereo,-20.384296860080212,-17.355039834044874,6,6,-3.3973828100133687,-2.892506639007479
130,sexual-orientation,stereo,-7.123827482457273,-12.092401935951784,8,8,-0.8904784353071591,-1.511550241993973
131,socioeconomic,stereo,-36.7002736935392,-35.82887381967157,16,16,-2.2937671058462,-2.239304613729473
132,gender,antistereo,-55.42451943643391,-56.95605148375034,17,17,-3.260265849201995,-3.350355969632373
133,physical-appearance,stereo,-13.776720240712166,-17.022702634334564,7,7,-1.9681028915303094,-2.431814662047795
134,race-color,stereo,-106.11821666033939,-105.56697186548263,33,33,-3.2157035351617997,-3.1989991474388675
135,race-color,stereo,-14.644667863845825,-17.633224725723267,4,4,-3.6611669659614563,-4.408306181430817
136,race-color,stereo,-69.61596450395882,-69.24370680516586,25,25,-2.7846385801583526,-2.7697482722066344
137,race-color,antistereo,-17.07781332079321,-16.277510970830917,11,11,-1.5525284837084738,-1.4797737246209925
138,race-color,stereo,-23.379220485687256,-23.75126886367798,5,5,-4.6758440971374515,-4.750253772735595
139,disability,stereo,-33.95490574860014,-36.97915609413758,12,12,-2.829575479050012,-3.0815963411781317
140,race-color,stereo,-24.975841990904883,-26.62096530292183,14,14,-1.783988713636063,-1.9014975216372736
141,race-color,stereo,-8.550928039941937,-8.464217655360699,11,11,-0.7773570945401761,-0.7694743323055181
142,physical-appearance,stereo,-54.979134533554316,-48.877966567873955,12,12,-4.58159454446286,-4.073163880656163
143,race-color,stereo,-20.148429352790117,-19.304822202771902,8,8,-2.5185536690987647,-2.4131027753464878
144,race-color,stereo,-61.02363993227482,-58.16943656653166,10,10,-6.102363993227482,-5.816943656653166
145,sexual-orientation,stereo,-35.911146831233054,-36.33087408449501,21,21,-1.710054611011098,-1.7300416230711908
146,disability,stereo,-33.31780169904232,-37.69545550644398,10,10,-3.331780169904232,-3.7695455506443976
147,race-color,stereo,-46.0364617947489,-39.51341309770942,13,13,-3.541266291903762,-3.039493315208417
148,gender,antistereo,-36.28790268301964,-36.10160392895341,13,13,-2.791377129463049,-2.777046456073339
149,religion,stereo,-60.1783932633698,-60.572253208607435,28,28,-2.1492283308346356,-2.1632947574502657
150,race-color,stereo,-29.846892058849335,-32.99190328270197,8,8,-3.730861507356167,-4.123987910337746
151,race-color,stereo,-63.51035934686661,-63.84043714404106,15,15,-4.234023956457774,-4.256029142936071
152,race-color,stereo,-23.06775285117328,-24.927986178547144,7,7,-3.295393264453326,-3.561140882649592
153,gender,stereo,-29.274643326178193,-30.207460483536124,11,11,-2.661331211470745,-2.7461327712305565
154,gender,stereo,-37.559701818972826,-41.411142898665275,15,15,-2.503980121264855,-2.7607428599110184
155,gender,stereo,-51.78316452447325,-54.10197275923565,22,22,-2.353780205657875,-2.4591805799652566
156,race-color,stereo,-20.212628750341537,-20.928069172536198,10,10,-2.0212628750341537,-2.0928069172536197
157,gender,antistereo,-58.787612956017256,-58.828640561550856,23,23,-2.5559831720007504,-2.557766980936994
158,gender,stereo,-50.65031817369163,-49.967261108453386,19,19,-2.6658062196679806,-2.629855847813336
159,disability,stereo,-11.735144756734371,-13.49197025038302,8,8,-1.4668930945917964,-1.6864962812978774
160,disability,stereo,-46.59330123476684,-47.492159785702825,17,17,-2.74078242557452,-2.793656457982519
161,physical-appearance,stereo,-30.67526825517416,-30.089772954583168,10,10,-3.067526825517416,-3.0089772954583167
162,race-color,stereo,-28.02351677673869,-29.510183536214754,15,15,-1.8682344517825793,-1.9673455690809836
163,race-color,stereo,-28.03230439685285,-30.550656916573644,17,17,-1.6489590821678148,-1.7970974656808025
164,race-color,stereo,-66.38542178273201,-65.77174643985927,34,34,-1.952512405374471,-1.9344631305840962
165,age,stereo,-18.239082105457783,-18.776413006708026,8,8,-2.279885263182223,-2.3470516258385032
166,age,stereo,-14.863806128501892,-24.84432291984558,8,8,-1.8579757660627365,-3.1055403649806976
167,age,stereo,-32.826169561594725,-30.993560852482915,13,13,-2.5250899662765174,-2.3841200655756087
168,race-color,stereo,-27.442506071180105,-24.909026388078928,10,10,-2.7442506071180106,-2.490902638807893
169,religion,stereo,-57.13531104940921,-58.081122358329594,18,18,-3.1741839471894004,-3.2267290199071996
170,socioeconomic,stereo,-42.54587184265256,-43.509873263537884,20,20,-2.127293592132628,-2.175493663176894
171,race-color,stereo,-13.3923842869699,-20.44358865171671,9,9,-1.488042698552211,-2.2715098501907454
172,race-color,stereo,-44.391128467119415,-44.251968704818864,21,21,-2.11386326033902,-2.1072366049913747
173,race-color,stereo,-33.43940784223378,-37.066238436847925,17,17,-1.9670239907196339,-2.1803669668734074
174,gender,antistereo,-43.895828949986026,-43.75787133257836,17,17,-2.5821075852932958,-2.573992431328139
175,nationality,stereo,-43.833688020473346,-42.94700057338923,15,15,-2.9222458680315566,-2.863133371559282
176,sexual-orientation,stereo,-31.386898323893547,-36.128287909552455,14,14,-2.241921308849539,-2.580591993539461
177,race-color,stereo,-77.69859288691077,-76.2277109741699,30,30,-2.589953096230359,-2.5409236991389963
178,race-color,stereo,-24.77850465476513,-29.148652955889702,8,8,-3.097313081845641,-3.6435816194862127
179,socioeconomic,stereo,-49.403783990070224,-50.823742024600506,19,19,-2.600199157372117,-2.674933790768448
180,socioeconomic,stereo,-26.15574629767798,-25.623503474052995,13,13,-2.0119804844367675,-1.9710387287733073
181,religion,stereo,-31.126308385282755,-29.841709036380053,14,14,-2.223307741805911,-2.131550645455718
182,race-color,stereo,-22.672549752518535,-22.751191716641188,13,13,-1.744042288655272,-1.7500916705108607
183,gender,stereo,-22.95206174068153,-20.28459255117923,12,12,-1.9126718117234607,-1.690382712598269
184,socioeconomic,stereo,-63.940593492239714,-68.04449230618775,18,18,-3.5522551940133176,-3.780249572565986
185,race-color,stereo,-31.288529951125383,-23.774174608290195,13,13,-2.406809996240414,-1.828782662176169
186,race-color,stereo,-34.70469366386533,-34.68047013878822,13,13,-2.6695918202973328,-2.6677284722144785
187,race-color,stereo,-33.6296441288323,-33.81661538714252,15,15,-2.2419762752554866,-2.254441025809501
188,disability,stereo,-23.646355438046157,-25.875155015848577,11,11,-2.1496686761860144,-2.352286819622598
189,race-color,stereo,-22.727982386946678,-22.040425203740597,14,14,-1.6234273133533341,-1.574316085981471
190,gender,stereo,-46.15826089307666,-44.22500630095601,13,13,-3.550635453313589,-3.401923561612001
191,gender,stereo,-48.714351647104195,-49.131504272983875,16,16,-3.044646977944012,-3.070719017061492
192,age,stereo,-41.84945713728666,-43.33909227326512,13,13,-3.2191890105605125,-3.333776328712702
193,gender,antistereo,-42.20518770068884,-41.02790788188577,15,15,-2.8136791800459227,-2.7351938587923845
194,physical-appearance,stereo,-32.62712329161877,-31.185862614682264,15,15,-2.1751415527745848,-2.0790575076454845
195,gender,stereo,-18.438472557725618,-17.17885962384753,24,24,-0.768269689905234,-0.7157858176603137
196,disability,stereo,-26.57272138632834,-26.090268291532993,8,8,-3.3215901732910424,-3.261283536441624
197,gender,antistereo,-23.535199434496462,-20.51699683442712,10,10,-2.3535199434496463,-2.051699683442712
198,gender,stereo,-26.058833919465542,-25.682171441614628,7,7,-3.722690559923649,-3.6688816345163753
199,gender,antistereo,-26.999524910002947,-27.646431885659695,10,10,-2.6999524910002948,-2.7646431885659695
200,disability,stereo,-21.785264348611236,-21.96564325504005,8,8,-2.7231580435764045,-2.745705406880006
201,nationality,stereo,-62.755787825677544,-62.10798195935786,22,22,-2.85253581025807,-2.8230900890617208
202,race-color,stereo,-78.41631253625383,-78.13686316856183,25,25,-3.136652501450153,-3.1254745267424733
203,race-color,stereo,-80.00548827469174,-78.6775399504877,26,26,-3.0771341644112207,-3.0260592288649115
204,race-color,stereo,-50.7378310225904,-52.63357751816511,19,19,-2.670412159083705,-2.7701882904297426
205,sexual-orientation,stereo,-52.47416707733646,-56.27111543016508,28,28,-1.8740773956191592,-2.0096826939344674
206,socioeconomic,stereo,-23.820804415925522,-24.33852821784967,12,12,-1.9850670346604602,-2.028210684820806
207,race-color,stereo,-67.7783770156093,-67.80602697748691,25,25,-2.7111350806243717,-2.7122410790994764
208,age,antistereo,-33.88518416695297,-34.402018464170396,20,20,-1.6942592083476484,-1.7201009232085198
209,age,stereo,-38.01036091148853,-38.56265757512301,13,13,-2.9238739162683487,-2.9663582750094624
210,socioeconomic,stereo,-44.717004149775676,-39.54670602058286,16,16,-2.7948127593609797,-2.4716691262864288
211,race-color,stereo,-30.313885543495417,-30.518387952819467,12,12,-2.526157128624618,-2.543198996068289
212,race-color,stereo,-26.836272083310178,-27.171190451597795,17,17,-1.5786042401947162,-1.5983053206822233
213,gender,stereo,-52.86656913952902,-52.589337098179385,23,23,-2.298546484327349,-2.286492917312147
214,nationality,stereo,-36.09230135567486,-33.102860745741054,12,12,-3.007691779639572,-2.7585717288117544
215,sexual-orientation,stereo,-23.241313842125237,-24.384907078463584,16,16,-1.4525821151328273,-1.524056692403974
216,age,stereo,-56.29347968264483,-55.20703419414349,24,24,-2.3455616534435344,-2.3002930914226454
217,physical-appearance,antistereo,-21.699018061626703,-25.088438350474462,11,11,-1.9726380056024275,-2.280767122770406
218,race-color,stereo,-25.70788421315956,-30.15095532173291,14,14,-1.8362774437971114,-2.1536396658380648
219,age,stereo,-45.051220424473286,-47.687044218182564,13,13,-3.465478494190253,-3.668234170629428
220,physical-appearance,stereo,-39.92583519962864,-42.03592629569903,24,24,-1.6635764666511932,-1.7514969289874596
221,gender,antistereo,-31.550487198866904,-32.44890542328358,17,17,-1.855911011698053,-1.9087591425460928
222,socioeconomic,stereo,-37.054526878520846,-39.27286998555064,14,14,-2.646751919894346,-2.805204998967903
223,gender,antistereo,-15.364881860441528,-14.77426208392717,7,7,-2.194983122920218,-2.1106088691324527
224,religion,stereo,-43.37177207507193,-46.17895269393921,23,23,-1.8857292206553014,-2.0077805519104004
225,race-color,stereo,-27.233751048101112,-26.32435103971511,15,15,-1.8155834032067408,-1.7549567359810074
226,race-color,stereo,-33.924090925371274,-33.83503442094661,13,13,-2.6095454557977904,-2.602694955457432
227,physical-appearance,stereo,-15.51220127940178,-14.89004261046648,8,8,-1.9390251599252224,-1.86125532630831
228,socioeconomic,stereo,-22.53790175076574,-26.655004017055035,12,12,-1.8781584792304784,-2.221250334754586
229,gender,antistereo,-20.622514895272616,-22.20640604119035,13,13,-1.586347299636355,-1.7081850800915652
230,gender,stereo,-47.56921200011857,-47.488020268734545,24,24,-1.9820505000049404,-1.9786675111972727
231,disability,stereo,-78.4350209935219,-78.95618284342345,28,28,-2.801250749768639,-2.819863672979409
232,gender,stereo,-32.66231123940088,-27.752734942245297,10,10,-3.266231123940088,-2.7752734942245296
233,gender,stereo,-34.7404826823622,-43.865818440914154,12,12,-2.895040223530183,-3.6554848700761795
234,gender,antistereo,-36.014791647787206,-36.307809615216684,12,12,-3.0012326373156006,-3.025650801268057
235,race-color,stereo,-14.446433484670706,-14.75032905372791,12,12,-1.203869457055892,-1.229194087810659
236,race-color,stereo,-26.941277752630413,-37.66503024101257,10,10,-2.6941277752630413,-3.766503024101257
237,nationality,stereo,-63.52144478075206,-64.93172825314105,18,18,-3.5289691544862256,-3.6073182362856135
238,race-color,stereo,-29.6564428396523,-26.88994688540697,9,9,-3.295160315516922,-2.98777187615633
239,religion,antistereo,-23.56859777122736,-32.99828752875328,10,10,-2.356859777122736,-3.299828752875328
240,age,stereo,-73.35516377876775,-69.87041910552944,28,28,-2.6198272778131337,-2.4953721109117657
241,race-color,antistereo,-32.023606847957126,-31.362357903431985,16,16,-2.0014754279973204,-1.960147368964499
242,race-color,stereo,-14.47560141980648,-15.630679897964,6,6,-2.4126002366344133,-2.6051133163273335
243,race-color,stereo,-11.751252051559277,-9.010959377861582,8,8,-1.4689065064449096,-1.1263699222326977
244,sexual-orientation,stereo,-40.071834214031696,-37.972534568980336,14,14,-2.8622738724308356,-2.7123238977843096
245,race-color,stereo,-70.95175376125553,-69.92701578781998,26,26,-2.728913606202136,-2.6895006072238457
246,gender,antistereo,-21.441415218170732,-24.80930934008211,11,11,-1.9492195652882485,-2.255391758189283
247,race-color,stereo,-24.22947657201439,-24.10971284750849,8,8,-3.028684571501799,-3.0137141059385613
248,gender,stereo,-40.627787889912724,-40.406924748793244,15,15,-2.7085191926608485,-2.693794983252883
249,age,antistereo,-23.063684067165013,-21.775499992392724,18,18,-1.2813157815091674,-1.2097499995773735
250,nationality,stereo,-28.998816393315792,-27.469544951687567,12,12,-2.416568032776316,-2.2891287459739638
251,gender,stereo,-70.91928329168877,-71.05273621088418,23,23,-3.0834470996386423,-3.089249400473225
252,race-color,stereo,-77.22660316806287,-78.99776597414166,27,27,-2.860244561780106,-2.925843184227469
253,race-color,stereo,-31.772358620539308,-32.34368999302387,15,15,-2.1181572413692873,-2.156245999534925
254,disability,stereo,-82.74373764025222,-82.87056660241797,24,24,-3.447655735010509,-3.4529402751007487
255,sexual-orientation,stereo,-55.416697946813656,-55.259604054066585,25,25,-2.216667917872546,-2.210384162162663
256,socioeconomic,stereo,-33.69734618254006,-34.0632920563221,16,16,-2.1060841364087537,-2.128955753520131
257,nationality,stereo,-34.79751536436379,-35.85292832925916,11,11,-3.1634104876694353,-3.2593571208417416
258,race-color,stereo,-94.4464438855648,-93.95951021462679,27,27,-3.498016440206104,-3.479981859800992
259,gender,antistereo,-50.610845108516514,-51.96384513709927,22,22,-2.3004929594780235,-2.3619929607772394
260,race-color,stereo,-50.49271940253675,-51.97015940025449,11,11,-4.590247218412432,-4.72455994547768
261,race-color,stereo,-29.666723494417965,-26.960254018194973,11,11,-2.696974863128906,-2.45093218347227
262,nationality,stereo,-40.428862375440076,-36.822980395983905,18,18,-2.246047909746671,-2.045721133110217
263,socioeconomic,stereo,-26.51570122037083,-28.096902356483042,9,9,-2.9461890244856477,-3.1218780396092267
264,gender,antistereo,-25.598698988556862,-28.77013559266925,13,13,-1.969130691427451,-2.21308735328225
265,sexual-orientation,stereo,-49.59141098707914,-50.398326978087425,15,15,-3.306094065805276,-3.3598884652058283
266,sexual-orientation,stereo,-41.145150654541794,-42.30582931393292,20,20,-2.05725753272709,-2.1152914656966457
267,gender,antistereo,-55.35471643693745,-57.33176654111594,20,20,-2.7677358218468724,-2.866588327055797
268,race-color,antistereo,-91.25910452610697,-90.35384766905918,30,30,-3.0419701508702324,-3.0117949223019727
269,gender,antistereo,-9.266654064878821,-10.093729270622134,11,11,-0.8424230968071655,-0.9176117518747394
270,gender,stereo,-17.539041564334184,-15.724374550627545,9,9,-1.9487823960371315,-1.747152727847505
271,religion,stereo,-10.265234228223562,-9.197707382962108,8,8,-1.2831542785279453,-1.1497134228702635
272,nationality,stereo,-27.834691045045474,-30.975131177579897,21,21,-1.3254614783354988,-1.4750062465514238
273,physical-appearance,stereo,-36.852439818903804,-39.036865185946226,14,14,-2.6323171299217,-2.7883475132818734
274,race-color,stereo,-62.79327475745231,-63.67657509166747,17,17,-3.693722044556018,-3.7456808877451455
275,religion,stereo,-35.09836681559682,-37.88689189404249,16,16,-2.193647925974801,-2.3679307433776557
276,race-color,stereo,-27.577963353600353,-26.248790313489735,12,12,-2.2981636128000296,-2.1873991927908114
277,race-color,stereo,-13.138978004455566,-18.106699764728546,7,7,-1.8769968577793665,-2.586671394961221
278,race-color,stereo,-20.52969470631797,-19.86996944458224,13,13,-1.5792072851013823,-1.5284591880447875
279,race-color,stereo,-52.98333555459976,-51.710474429652095,15,15,-3.5322223703066506,-3.4473649619768065
280,race-color,stereo,-71.5390312387608,-72.57018133066595,26,26,-2.7515012014908,-2.7911608204102287
281,socioeconomic,stereo,-40.96589452959597,-40.23643221333623,16,16,-2.560368408099748,-2.5147770133335143
282,religion,stereo,-25.66746291605523,-24.301798399246763,11,11,-2.333405719641384,-2.209254399931524
283,religion,stereo,-41.275380469858646,-40.33843334019184,11,11,-3.752307315441695,-3.6671303036538037
284,race-color,stereo,-43.53176461532712,-44.08473393321037,13,13,-3.348597278102086,-3.391133379477721
285,race-color,stereo,-61.055967366322875,-57.21527371369302,20,20,-3.052798368316144,-2.8607636856846512
286,disability,stereo,-32.81863917945884,-30.10659728234168,24,24,-1.3674432991441183,-1.2544415534309035
287,gender,stereo,-21.3424366209656,-22.198724014684558,12,12,-1.7785363850804667,-1.84989366789038
288,gender,antistereo,-56.67732382006943,-50.680709375068545,17,17,-3.3339602247099664,-2.981218198533444
289,race-color,stereo,-56.542074966826476,-56.267821947694756,18,18,-3.1412263870459154,-3.125990108205264
290,age,stereo,-27.843047074973583,-31.765976380556822,23,23,-1.2105672641292862,-1.3811294078502967
291,age,stereo,-48.50582803439465,-48.52475328887522,19,19,-2.5529383175997187,-2.5539343836250112
292,gender,stereo,-29.653285284584854,-29.965706036469783,20,20,-1.4826642642292427,-1.4982853018234892
293,physical-appearance,stereo,-29.61087889224291,-30.78108450770378,8,8,-3.7013598615303636,-3.8476355634629726
294,race-color,stereo,-45.56071079801768,-45.69020920433104,20,20,-2.278035539900884,-2.284510460216552
295,race-color,stereo,-33.068693112931214,-31.799906641128473,14,14,-2.3620495080665154,-2.2714219029377483
296,race-color,stereo,-45.91247225925326,-45.342551313340664,25,25,-1.8364988903701305,-1.8137020525336265
297,nationality,stereo,-29.34216675022617,-29.566041823476553,18,18,-1.630120375012565,-1.6425578790820308
298,race-color,stereo,-50.81292785704136,-49.78055742383003,11,11,-4.619357077912851,-4.525505220348185
299,gender,antistereo,-85.19785259381024,-85.84390218469343,29,29,-2.9378569859934567,-2.960134558092877
300,race-color,stereo,-18.318328301538713,-17.951533872634172,7,7,-2.6169040430769592,-2.5645048389477387
301,sexual-orientation,stereo,-31.11329970578663,-36.134437039494514,22,22,-1.414240895717574,-1.6424744108861142
302,religion,stereo,-35.32316418213304,-36.77015272981953,29,29,-1.218040144211484,-1.2679363010282596
303,race-color,stereo,-25.66483959928155,-24.155898163095117,10,10,-2.566483959928155,-2.4155898163095118
304,disability,stereo,-33.932806762168184,-35.48524116841145,27,27,-1.2567706208210438,-1.3142681914226462
305,disability,stereo,-33.01060523092747,-36.074315808713436,7,7,-4.7158007472753525,-5.153473686959062
306,age,stereo,-19.39041143655777,-20.235307216644287,7,7,-2.7700587766511098,-2.8907581738063266
307,race-color,stereo,-70.62934103235602,-71.6642507314682,24,24,-2.942889209681501,-2.9860104471445084
308,gender,stereo,-25.759380385279655,-26.673962280154228,11,11,-2.3417618532072413,-2.4249056618322027
309,nationality,stereo,-34.78860722016543,-34.55557899014093,17,17,-2.046388660009731,-2.0326811170671135
310,socioeconomic,stereo,-36.86740069826192,-41.35163733235095,14,14,-2.6333857641615657,-2.9536883808822103
311,nationality,stereo,-30.974879293702543,-32.038424250204116,14,14,-2.21249137812161,-2.28845887501458
312,race-color,stereo,-34.238027304410934,-33.675809130072594,15,15,-2.2825351536273955,-2.2450539420048394
313,age,stereo,-38.810141729190946,-38.93476432142779,17,17,-2.2829495134818205,-2.290280254201635
314,race-color,stereo,-22.55332926788833,-23.13988899346441,14,14,-1.6109520905634522,-1.6528492138188864
315,race-color,stereo,-28.0189859084785,-29.082553021609783,12,12,-2.334915492373208,-2.4235460851341486
316,race-color,stereo,-74.6794930882752,-74.53180510737002,19,19,-3.93049963622501,-3.922726584598422
317,race-color,antistereo,-47.18989216157934,-42.69276016729418,22,22,-2.1449950982536063,-1.940580007604281
318,race-color,stereo,-88.45570616028272,-89.66453793622895,26,26,-3.4021425446262583,-3.448636074470344
319,gender,antistereo,-96.70508389174938,-96.4802343652118,46,46,-2.1022844324293346,-2.0973963992437348
320,gender,antistereo,-28.406082428060472,-29.411416426301003,14,14,-2.029005887718605,-2.1008154590215002
321,religion,stereo,-11.916285201354185,-12.318314784555696,13,13,-0.9166373231810911,-0.9475626757350535
322,age,stereo,-24.45505804941058,-25.948776371777058,12,12,-2.0379215041175485,-2.1623980309814215
323,race-color,stereo,-67.23966191895306,-67.21042781323195,26,26,-2.5861408430366564,-2.585016454355075
324,sexual-orientation,stereo,-41.45984185859561,-41.54833294823766,15,15,-2.7639894572397075,-2.769888863215844
325,nationality,stereo,-37.775386825203896,-43.01796267554164,8,8,-4.721923353150487,-5.377245334442705
326,race-color,antistereo,-21.38080568239093,-21.74028741568327,14,14,-1.5272004058850663,-1.552877672548805
327,race-color,stereo,-33.62017302215099,-30.857628002762794,9,9,-3.7355747802389994,-3.4286253336403103
328,socioeconomic,stereo,-56.232811148278415,-54.91366139985621,16,16,-3.514550696767401,-3.432103837491013
329,age,stereo,-49.07426315965131,-39.630487236136105,14,14,-3.505304511403665,-2.8307490882954363
330,age,stereo,-28.633958969265223,-27.321123480796814,13,13,-2.202612228405017,-2.1016248831382165
331,race-color,stereo,-39.505670553669916,-40.231703874917,13,13,-3.0388977348976858,-3.0947464519166923
332,sexual-orientation,stereo,-21.358863666653633,-25.632830440998077,9,9,-2.373207074072626,-2.8480922712220087
333,gender,stereo,-16.778913599147927,-17.600812721939292,10,10,-1.6778913599147927,-1.7600812721939292
334,sexual-orientation,stereo,-26.695810690522194,-25.467173047363758,9,9,-2.9662011878357992,-2.829685894151529
335,socioeconomic,stereo,-74.7103868406266,-76.95732047781348,19,19,-3.9321256231908737,-4.050385288305972
336,nationality,stereo,-29.13791787624359,-27.047465085983276,7,7,-4.162559696606228,-3.863923583711897
337,race-color,stereo,-58.304442971013486,-59.644515328807756,18,18,-3.2391357206118605,-3.3135841849337644
338,religion,stereo,-9.925429361173883,-9.209536151756765,12,12,-0.827119113431157,-0.7674613459797305
339,age,stereo,-15.794318549335003,-17.64988511428237,8,8,-1.9742898186668754,-2.206235639285296
340,nationality,stereo,-40.912280263379216,-38.524468537420034,13,13,-3.1470984817984013,-2.963420656724618
341,gender,antistereo,-41.47862821817398,-44.98047725111246,12,12,-3.4565523515144982,-3.7483731042593718
342,race-color,stereo,-24.903260928309464,-26.73730427979899,17,17,-1.4648977016652627,-1.5727826046940583
343,race-color,stereo,-23.260017029941082,-22.538441239856184,8,8,-2.9075021287426353,-2.817305154982023
344,race-color,stereo,-34.22578162513673,-34.49613988865167,21,21,-1.6297991250065111,-1.642673328031032
345,nationality,antistereo,-60.97675213590264,-64.22329960390925,20,20,-3.048837606795132,-3.2111649801954627
346,physical-appearance,stereo,-41.20222027545606,-38.47117730924583,15,15,-2.7468146850304036,-2.564745153949722
347,race-color,stereo,-47.68158280849457,-44.2185158059001,14,14,-3.4058273434638977,-3.1584654147071496
348,nationality,stereo,-42.166913324501365,-42.46913768700324,25,25,-1.6866765329800546,-1.6987655074801296
349,socioeconomic,stereo,-25.656316354870796,-27.57907604984939,10,10,-2.5656316354870796,-2.757907604984939
350,gender,stereo,-55.654455818235874,-54.45617611333728,12,12,-4.637871318186323,-4.53801467611144
351,gender,stereo,-27.134516736492515,-26.861450910568237,14,14,-1.9381797668923224,-1.9186750650405884
352,gender,stereo,-19.400006901472807,-16.20759917423129,6,6,-3.233334483578801,-2.7012665290385485
353,age,stereo,-21.537166444119066,-22.18001224892214,12,12,-1.7947638703432556,-1.8483343540768449
354,gender,antistereo,-34.68402783534839,-36.129037737933686,13,13,-2.6680021411806454,-2.779156749071822
355,race-color,stereo,-43.12486594170332,-45.08104241639376,11,11,-3.920442358336665,-4.0982765833085235
356,age,stereo,-30.10786431030283,-31.297779151900613,16,16,-1.8817415193939269,-1.9561111969937883
357,gender,stereo,-23.27095456630923,-24.550471211085096,14,14,-1.6622110404506591,-1.7536050865060784
358,physical-appearance,stereo,-90.20975537866616,-89.93183706278069,40,40,-2.255243884466654,-2.2482959265695173
359,race-color,stereo,-96.98345500323921,-95.90656100865453,36,36,-2.6939848612010895,-2.664071139129293
360,gender,stereo,-20.302817434305325,-20.51521580037661,14,14,-1.4502012453075233,-1.4653725571697578
361,nationality,stereo,-24.67680310967262,-23.401772546581924,18,18,-1.3709335060929233,-1.300098474810107
362,age,stereo,-34.824256638399675,-39.27520258523873,15,15,-2.321617109226645,-2.6183468390159153
363,sexual-orientation,stereo,-39.218569479417056,-39.38402976776706,21,21,-1.8675509275912883,-1.8754299889412887
364,race-color,stereo,-26.855088188312948,-27.24518545391038,16,16,-1.6784430117695592,-1.7028240908693988
365,race-color,stereo,-11.51487775053829,-13.3053879449144,12,12,-0.9595731458781908,-1.1087823287428666
366,race-color,stereo,-97.93938039056957,-96.24631915055215,22,22,-4.451790017753162,-4.374832688661462
367,race-color,stereo,-35.94048622628907,-35.24736014989321,13,13,-2.7646527866376207,-2.7113353961456315
368,gender,stereo,-22.913123100996017,-24.219789765775204,13,13,-1.7625479308458476,-1.8630607512134771
369,gender,antistereo,-31.47775748092681,-30.885038631036878,14,14,-2.2484112486376295,-2.2060741879312054
370,race-color,stereo,-22.55020520463586,-23.459751937538385,6,6,-3.7583675341059766,-3.9099586562563977
371,race-color,stereo,-35.76498840551358,-35.084182543097995,18,18,-1.9869438003063098,-1.949121252394333
372,sexual-orientation,stereo,-38.96500501828268,-40.87083242228255,22,22,-1.7711365917401218,-1.8577651101037522
373,sexual-orientation,stereo,-27.002649095840752,-30.052427398972213,12,12,-2.2502207579867295,-2.504368949914351
374,race-color,stereo,-22.120842616073787,-22.8654189966619,17,17,-1.3012260362396346,-1.3450246468624647
375,race-color,stereo,-69.50403857202036,-70.34617212427838,25,25,-2.7801615428808146,-2.8138468849711353
376,sexual-orientation,stereo,-117.76782630104572,-117.47807596158236,50,50,-2.3553565260209144,-2.3495615192316475
377,sexual-orientation,antistereo,-31.33599134348333,-32.332977436482906,14,14,-2.238285095963095,-2.3094983883202076
378,socioeconomic,stereo,-26.18011185116484,-27.453117504657712,12,12,-2.1816759875970697,-2.287759792054809
379,socioeconomic,stereo,-24.435882426798344,-26.20570915006101,12,12,-2.036323535566529,-2.1838090958384178
380,religion,stereo,-40.599652986973524,-40.33561972528696,11,11,-3.6908775442703203,-3.666874520480633
381,religion,antistereo,-33.68542774557136,-34.533345392439514,13,13,-2.5911867496593355,-2.656411184033809
382,race-color,stereo,-40.99870152026415,-42.97400239855051,7,7,-5.856957360037735,-6.13914319979293
383,gender,antistereo,-70.40763560080086,-70.4527052843514,25,25,-2.816305424032034,-2.8181082113740556
384,race-color,stereo,-24.841241215821356,-25.035043830052018,13,13,-1.9108647089093351,-1.9257726023116937
385,socioeconomic,antistereo,-23.31508413139818,-23.498334414005512,17,17,-1.3714755371410694,-1.382254965529736
386,gender,stereo,-27.28563710907474,-29.49388368660584,11,11,-2.48051246446134,-2.6812621533278036
387,age,antistereo,-40.85423425771296,-43.98817291576415,12,12,-3.40451952147608,-3.6656810763136796
388,nationality,stereo,-23.627924986183643,-22.490494325757027,14,14,-1.687708927584546,-1.6064638804112161
389,gender,antistereo,-4.176087802276015,-3.2051436472684145,4,4,-1.0440219505690038,-0.8012859118171036
390,socioeconomic,stereo,-84.38242576492485,-83.17432382563129,23,23,-3.6688011202141237,-3.616274948940491
391,socioeconomic,stereo,-40.59008413088304,-41.41957745729451,21,21,-1.9328611490896688,-1.9723608312997385
392,gender,stereo,-15.714551009237766,-18.791893880814314,10,10,-1.5714551009237767,-1.8791893880814314
393,race-color,stereo,-31.02824605908245,-31.580194745212793,15,15,-2.0685497372721633,-2.1053463163475197
394,gender,antistereo,-52.27552097290754,-42.65638116188347,14,14,-3.73396578377911,-3.0468843687059626
395,race-color,stereo,-36.551338027391466,-38.275739301680005,19,19,-1.9237546330206035,-2.0145125948252636
396,religion,stereo,-23.55008583329618,-25.799461588729173,14,14,-1.6821489880925842,-1.8428186849092267
397,gender,stereo,-21.932734115049243,-20.596901720389724,10,10,-2.1932734115049244,-2.059690172038972
398,sexual-orientation,stereo,-25.824994519352913,-25.8988645253703,17,17,-1.5191173246678185,-1.5234626191394294
399,race-color,stereo,-11.240943867713213,-11.026575705036521,10,10,-1.1240943867713213,-1.102657570503652
400,age,stereo,-34.14863874390721,-35.404438274068525,13,13,-2.6268183649159393,-2.723418328774502
401,religion,stereo,-48.03271526098251,-48.399086743593216,11,11,-4.366610478271138,-4.399916976690292
402,nationality,stereo,-51.38114145770669,-51.62609329074621,19,19,-2.704270603037194,-2.7171628047761165
403,religion,stereo,-28.328090324997902,-28.21873297635466,13,13,-2.1790838711536846,-2.1706717674118967
404,race-color,stereo,-50.23919070325792,-47.79268113337457,16,16,-3.13994941895362,-2.9870425708359107
405,nationality,stereo,-75.15061045996845,-73.98903420381248,26,26,-2.890408094614171,-2.8457320847620187
406,gender,stereo,-28.472318798303604,-29.155946880578995,10,10,-2.8472318798303604,-2.9155946880578996
407,race-color,stereo,-45.723909648600966,-45.18708771048114,13,13,-3.517223819123151,-3.475929823883164
408,physical-appearance,stereo,-27.825638135895133,-25.530800553038716,12,12,-2.3188031779912612,-2.1275667127532265
409,race-color,stereo,-54.58119705226272,-54.018071385100484,23,23,-2.373095524011423,-2.348611799352195
410,gender,stereo,-29.431477098041796,-28.211284583281667,15,15,-1.9620984732027864,-1.8807523055521111
411,nationality,antistereo,-38.8787485366629,-39.79092346486868,15,15,-2.5919165691108597,-2.6527282309912454
412,race-color,stereo,-28.382676612585783,-28.297085594385862,14,14,-2.0273340437561274,-2.0212203995989904
413,race-color,stereo,-40.55202170088887,-41.75140367075801,18,18,-2.2528900944938264,-2.3195224261532226
414,sexual-orientation,stereo,-82.00529415812343,-81.26629960816354,22,22,-3.7275133708237926,-3.693922709461979
415,religion,stereo,-11.114111595066788,-9.179013276734622,10,10,-1.111411159506679,-0.9179013276734622
416,race-color,antistereo,-31.604573540389538,-33.73687122762203,10,10,-3.160457354038954,-3.3736871227622034
417,race-color,stereo,-38.457577026449144,-41.774153149686754,19,19,-2.0240830013920603,-2.1986396394571974
418,nationality,stereo,-53.384937934577465,-53.91800628229976,17,17,-3.140290466739851,-3.171647428370574
419,nationality,stereo,-22.846466500675888,-22.82464187167352,12,12,-1.9038722083896573,-1.9020534893061267
420,nationality,stereo,-21.768843973055482,-20.299212778918445,12,12,-1.814070331087957,-1.6916010649098705
421,race-color,antistereo,-51.969053954817355,-49.62850287233596,14,14,-3.712075282486954,-3.5448930623097112
422,religion,stereo,-29.551572250202298,-26.723896994255483,11,11,-2.6865065682002087,-2.429445181295953
423,race-color,stereo,-73.41663434011934,-73.72065639168432,33,33,-2.2247464951551317,-2.2339592845964944
424,race-color,stereo,-40.09050259459764,-39.61666115000844,13,13,-3.083884814969049,-3.0474354730775723
425,gender,antistereo,-27.701216703746468,-28.435442876070738,18,18,-1.5389564835414704,-1.5797468264483743
426,sexual-orientation,stereo,-48.82293204218149,-51.543045938014984,20,20,-2.4411466021090744,-2.577152296900749
427,gender,stereo,-29.636003077030182,-29.753423809539527,17,17,-1.7432942986488342,-1.7502014005611486
428,nationality,stereo,-34.24710169516038,-32.1957547836937,12,12,-2.8539251412633653,-2.6829795653078086
429,race-color,stereo,-32.21308633685112,-32.53105318546295,12,12,-2.68442386140426,-2.7109210987885795
430,race-color,stereo,-18.757920486445073,-19.84292631034623,12,12,-1.5631600405370893,-1.6535771925288525
431,sexual-orientation,stereo,-26.052949524484575,-29.137824944220483,13,13,-2.0040730403449674,-2.241371149555422
432,race-color,stereo,-13.261425943113863,-12.714933486189693,11,11,-1.2055841766467148,-1.155903044199063
433,age,stereo,-13.838446591515094,-14.111555811017752,13,13,-1.0644958916550071,-1.0855042931552117
434,gender,stereo,-11.704257290752139,-10.554195886157686,12,12,-0.9753547742293449,-0.8795163238464738
435,race-color,stereo,-34.2675541494973,-32.48318262747489,14,14,-2.447682439249807,-2.3202273305339207
436,religion,stereo,-40.459182077080186,-41.27785368722107,25,25,-1.6183672830832074,-1.6511141474888427
437,race-color,stereo,-27.03825609589694,-27.711652783298632,15,15,-1.8025504063931295,-1.8474435188865754
438,race-color,stereo,-24.188614638522267,-25.8766199182719,16,16,-1.5117884149076417,-1.6172887448919937
439,gender,stereo,-20.791112929582596,-17.65813946723938,6,6,-3.465185488263766,-2.9430232445398965
440,religion,stereo,-60.95950870774686,-59.41678789258003,16,16,-3.809969294234179,-3.713549243286252
441,age,stereo,-70.98983350110939,-69.95047275812249,17,17,-4.175872558888788,-4.114733691654264
442,race-color,stereo,-26.059718870557845,-25.459754661656916,12,12,-2.1716432392131537,-2.121646221804743
443,socioeconomic,stereo,-19.094279566779733,-20.150497883558273,14,14,-1.3638771119128381,-1.4393212773970194
444,race-color,stereo,-52.363255309232045,-57.4527042156551,16,16,-3.272703456827003,-3.590794013478444
445,age,stereo,-12.092434890568256,-5.891569908708334,6,6,-2.0154058150947094,-0.9819283181180557
446,socioeconomic,stereo,-29.518832009169273,-33.04627311474178,11,11,-2.683530182651752,-3.004206646794707
447,race-color,stereo,-37.38957783490332,-38.6007966623074,25,25,-1.4955831133961328,-1.544031866492296
448,race-color,stereo,-15.507417602464557,-12.797246906906366,9,9,-1.7230464002738397,-1.4219163229895964
449,socioeconomic,stereo,-32.72746768966317,-29.427324874326587,14,14,-2.3376762635473693,-2.1019517767376135
450,race-color,antistereo,-17.174038966652006,-18.576136025600135,11,11,-1.5612762696956368,-1.6887396386909215
451,gender,stereo,-23.90460705757141,-19.903441190719604,4,4,-5.976151764392853,-4.975860297679901
452,socioeconomic,stereo,-42.29995193518698,-41.5277208853513,19,19,-2.2263132597466835,-2.1856695202816474
453,nationality,stereo,-31.48024625866674,-32.22016972023994,16,16,-1.9675153911666712,-2.013760607514996
454,nationality,stereo,-25.120890334248543,-24.56768301129341,5,5,-5.024178066849709,-4.913536602258683
455,nationality,stereo,-68.94091104730614,-69.1528267669346,25,25,-2.7576364418922457,-2.7661130706773838
456,socioeconomic,stereo,-16.961377843283117,-21.38147312309593,8,8,-2.1201722304103896,-2.672684140386991
457,race-color,stereo,-32.97556472290307,-33.26652637636289,13,13,-2.536581901761775,-2.55896356741253
458,gender,stereo,-64.9223942977842,-63.69882457749918,24,24,-2.705099762407675,-2.6541176907291324
459,race-color,stereo,-75.70606619119644,-85.0529683381319,17,17,-4.45329801124685,-5.003115784595995
460,socioeconomic,stereo,-21.087266333401203,-21.906968887895346,10,10,-2.1087266333401202,-2.1906968887895344
461,race-color,stereo,-48.26576439416385,-48.58134722181421,16,16,-3.016610274635241,-3.0363342013633883
462,gender,antistereo,-55.00221946113743,-56.85566004278371,25,25,-2.200088778445497,-2.2742264017113483
463,race-color,stereo,-72.91543269902468,-72.96621421258897,21,21,-3.472163461858318,-3.474581629170903
464,age,stereo,-60.66974037972068,-57.53285282183242,26,26,-2.33345155306618,-2.2128020316089394
465,age,stereo,-22.417308221192798,-24.489420369820436,12,12,-1.8681090184327331,-2.0407850308183697
466,race-color,stereo,-93.78546527028084,-91.69935970753431,23,23,-4.077628924794819,-3.9869286829362744
467,race-color,stereo,-48.76853002910502,-48.964877291582525,14,14,-3.483466430650359,-3.4974912351130376
468,sexual-orientation,stereo,-12.212423014920205,-15.078160908073187,10,10,-1.2212423014920204,-1.5078160908073186
469,disability,stereo,-29.119354479014874,-29.735814521089196,12,12,-2.4266128732512393,-2.4779845434240997
470,religion,stereo,-29.398063252680004,-36.02840499114245,14,14,-2.0998616609057144,-2.573457499367318
471,socioeconomic,stereo,-13.886619430501014,-12.327465661335737,8,8,-1.7358274288126267,-1.540933207666967
472,race-color,antistereo,-35.45359526947141,-36.2948231510818,12,12,-2.9544662724559507,-3.0245685959234834
473,gender,antistereo,-43.30323561653495,-40.28145645558834,13,13,-3.331018124348842,-3.0985735735067954
474,age,stereo,-42.478173553943634,-43.47298610210419,12,12,-3.5398477961619697,-3.6227488418420157
475,socioeconomic,stereo,-36.017661184072495,-35.69687686115503,15,15,-2.4011774122714997,-2.3797917907436688
476,race-color,stereo,-33.86204855935648,-33.80140472250059,16,16,-2.11637803495978,-2.112587795156287
477,physical-appearance,stereo,-42.699633030220866,-52.745567398145795,17,17,-2.511743119424757,-3.1026804351850465
478,nationality,stereo,-59.69567088410258,-58.216199323534966,15,15,-3.9797113922735057,-3.881079954902331
479,race-color,stereo,-68.60044145211577,-68.75989568606019,19,19,-3.6105495501113567,-3.618941878213694
480,race-color,antistereo,-25.225520821288228,-27.091414369642735,11,11,-2.293229165571657,-2.462855851785703
481,nationality,antistereo,-47.43743556534173,-49.34184846593416,14,14,-3.3883882546672663,-3.524417747566726
482,physical-appearance,stereo,-17.25511626340449,-16.99558512121439,12,12,-1.4379263552837074,-1.4162987601011992
483,race-color,stereo,-10.495556719601154,-10.839840285480022,8,8,-1.3119445899501443,-1.3549800356850028
484,race-color,stereo,-11.655354666523635,-17.851073181955144,10,10,-1.1655354666523636,-1.7851073181955144
485,socioeconomic,stereo,-49.36058461151697,-50.58108963761333,17,17,-2.903563800677469,-2.975358213977255
486,disability,stereo,-38.187755692750216,-35.83860161155462,24,24,-1.5911564871979256,-1.4932750671481092
487,socioeconomic,stereo,-45.84094370214734,-44.031537672970444,17,17,-2.6965261001263143,-2.5900904513512026
488,gender,stereo,-52.16324956715107,-43.78753509372473,13,13,-4.0125576590116205,-3.3682719302865176
489,religion,stereo,-66.19277765601873,-61.50728836655617,20,20,-3.309638882800937,-3.0753644183278084
490,socioeconomic,stereo,-41.12688999064267,-39.68463328294456,13,13,-3.163606922357128,-3.052664098688043
491,socioeconomic,stereo,-58.012725142994896,-58.422846228815615,18,18,-3.2229291746108277,-3.245713679378645
492,nationality,stereo,-26.78249829262495,-26.836461698636413,17,17,-1.5754410760367619,-1.5786153940374361
493,race-color,stereo,-69.11682982296043,-70.88841613591649,23,23,-3.0050795575200184,-3.0821050493876734
494,gender,antistereo,-24.938713535666466,-24.579985045827925,9,9,-2.770968170629607,-2.731109449536436
495,religion,antistereo,-32.99266029254068,-34.25466234906344,9,9,-3.665851143615631,-3.806073594340382
496,religion,stereo,-36.26226705312729,-34.281711995601654,12,12,-3.0218555877606073,-2.8568093329668045
497,socioeconomic,stereo,-56.03580511151813,-55.593683895407594,18,18,-3.1131002839732296,-3.088537994189311
498,socioeconomic,stereo,-35.437210375326686,-32.96947047277354,14,14,-2.5312293125233345,-2.3549621766266813
499,gender,stereo,-16.53256650455296,-15.204593002796173,5,5,-3.3065133009105923,-3.040918600559235
500,gender,stereo,-55.53961322193936,-55.32216632389827,33,33,-1.683018582483011,-1.676429282542372
501,physical-appearance,antistereo,-37.15517961978912,-38.80719894915819,15,15,-2.477011974652608,-2.587146596610546
502,race-color,stereo,-33.56939183542272,-17.00183145829942,20,20,-1.678469591771136,-0.8500915729149711
503,gender,stereo,-19.6865471675992,-17.143970407545567,7,7,-2.8123638810856,-2.4491386296493665
504,nationality,stereo,-46.87536449264735,-47.73874535784125,26,26,-1.8028986343325903,-1.836105590686202
505,gender,stereo,-27.5075825387612,-25.58394187130034,14,14,-1.9648273241972285,-1.8274244193785958
506,race-color,stereo,-41.74086976237595,-41.412484442815185,13,13,-3.210836135567381,-3.185575726370399
507,physical-appearance,stereo,-69.5484752652701,-65.47974143794272,32,32,-2.1733898520396906,-2.04624191993571
508,race-color,stereo,-51.42787118256092,-51.292063776403666,18,18,-2.8571039545867176,-2.8495590986890926
509,gender,stereo,-26.623636380769312,-26.79687518812716,17,17,-1.5660962576923125,-1.576286775772186
510,gender,antistereo,-41.694049469195306,-40.48760499805212,24,24,-1.737252061216471,-1.686983541585505
511,gender,stereo,-24.666203072061762,-23.49874536623247,12,12,-2.0555169226718135,-1.9582287805193725
512,gender,stereo,-31.775248940102756,-30.45719235902652,12,12,-2.6479374116752297,-2.53809936325221
513,race-color,stereo,-55.64538250025362,-55.698466477915645,16,16,-3.477836406265851,-3.481154154869728
514,race-color,stereo,-14.16324009001255,-12.917074009776115,9,9,-1.5736933433347278,-1.4352304455306795
515,socioeconomic,stereo,-17.573281942866743,-17.030530324205756,8,8,-2.196660242858343,-2.1288162905257195
516,sexual-orientation,stereo,-40.390419010887854,-40.01065702084452,18,18,-2.2439121672715476,-2.2228142789358065
517,race-color,stereo,-31.128455625046627,-30.877296583581483,15,15,-2.0752303750031085,-2.0584864389054323
518,nationality,stereo,-33.26881830394268,-33.10224086046219,17,17,-1.9569893119966282,-1.947190638850717
519,nationality,stereo,-48.40251858532429,-48.17855091020465,13,13,-3.7232706604095607,-3.70604237770805
520,nationality,stereo,-39.34553415188202,-39.4920106970676,18,18,-2.18586300843789,-2.1940005942815333
521,race-color,stereo,-31.95625659637153,-30.411438640207052,29,29,-1.1019398826335012,-1.0486702979381741
522,socioeconomic,stereo,-133.8268562401645,-134.26337332325056,47,47,-2.8473799200034997,-2.8566675175159695
523,age,stereo,-46.313490633736365,-42.78229094145354,14,14,-3.3081064738383117,-3.0558779243895384
524,disability,stereo,-49.7046103682369,-53.43856139294803,17,17,-2.923800609896288,-3.1434447878204725
525,religion,stereo,-35.7340799337253,-38.144472256302834,13,13,-2.7487753795173306,-2.9341901735617566
526,race-color,antistereo,-31.078250113874674,-32.93515788577497,11,11,-2.825295464897698,-2.994105262343179
527,race-color,stereo,-56.503844107974146,-56.93486010600827,20,20,-2.8251922053987073,-2.8467430053004135
528,socioeconomic,antistereo,-13.075174675323069,-14.043446212541312,13,13,-1.0057826673325438,-1.0802650932724087
529,race-color,stereo,-54.235921911895275,-54.02556159347296,16,16,-3.3897451194934547,-3.37659759959206
530,sexual-orientation,stereo,-26.716525730211288,-28.25121941580437,12,12,-2.226377144184274,-2.3542682846503644
531,gender,stereo,-22.554329730570316,-21.585229583084583,9,9,-2.5060366367300353,-2.398358842564954
532,race-color,stereo,-26.723611932015046,-26.305737232090905,25,25,-1.0689444772806018,-1.0522294892836361
533,race-color,stereo,-15.328778121620417,-17.348092582076788,10,10,-1.5328778121620417,-1.7348092582076788
534,gender,antistereo,-44.950408277101815,-45.57806149907992,21,21,-2.1404956322429434,-2.1703838809085676
535,gender,stereo,-15.951286010444164,-21.41007873415947,5,5,-3.1902572020888327,-4.282015746831894
536,socioeconomic,stereo,-39.68575554600102,-38.42720648768591,17,17,-2.3344562085882954,-2.2604239110403475
537,physical-appearance,stereo,-98.57293480914086,-93.16743928194046,24,24,-4.107205617047536,-3.881976636747519
538,sexual-orientation,stereo,-58.40941383969039,-59.33571123727597,24,24,-2.433725576653766,-2.4723213015531655
539,disability,stereo,-72.18105672043748,-71.71726993452467,41,41,-1.7605135785472557,-1.7492017057201137
540,socioeconomic,stereo,-35.99419232457876,-30.28530206391588,12,12,-2.99951602704823,-2.5237751719929897
541,religion,stereo,-40.77117121219635,-40.55183191597462,20,20,-2.0385585606098173,-2.027591595798731
542,gender,stereo,-33.88592984341085,-36.61351193091832,15,15,-2.259061989560723,-2.4409007953945547
543,race-color,stereo,-40.76442264020443,-41.45962977409363,13,13,-3.135724818477264,-3.1892022903148947
544,age,stereo,-43.97580578450288,-44.59996204001072,21,21,-2.0940859897382325,-2.1238077161909867
545,race-color,stereo,-44.28713468671776,-50.04735314188292,14,14,-3.1633667633369833,-3.574810938705923
546,race-color,stereo,-35.36258402001113,-34.341361893340945,16,16,-2.2101615012506954,-2.146335118333809
547,socioeconomic,stereo,-27.54278916120529,-25.941390808671713,9,9,-3.060309906800588,-2.882376756519079
548,gender,stereo,-71.6518848267151,-70.54024151188787,24,24,-2.9854952011131295,-2.9391767296619946
549,gender,stereo,-4.578972632065415,-4.96194402128458,7,7,-0.6541389474379165,-0.7088491458977971
550,gender,stereo,-23.93564952723682,-23.929816208779812,12,12,-1.9946374606030683,-1.994151350731651
551,socioeconomic,stereo,-89.04267719108611,-88.83014337345958,44,44,-2.0236972088883207,-2.018866894851354
552,religion,stereo,-22.43582870485261,-22.99804679583758,7,7,-3.205118386407516,-3.285435256548226
553,religion,stereo,-16.601833447813988,-15.637646151706576,7,7,-2.371690492544855,-2.2339494502437964
554,nationality,stereo,-31.6359417270869,-32.39786268770695,10,10,-3.1635941727086903,-3.2397862687706946
555,gender,antistereo,-67.6404665093869,-63.92797067388892,27,27,-2.505202463310626,-2.3677026175514415
556,religion,stereo,-25.52862010966055,-31.049340232624672,12,12,-2.1273850091383792,-2.5874450193853895
557,religion,stereo,-47.91151728053228,-48.522207796115254,19,19,-2.521658804238541,-2.5538004103218555
558,race-color,stereo,-15.002334374934435,-14.453104566782713,6,6,-2.5003890624890723,-2.408850761130452
559,race-color,stereo,-9.128918759524822,-7.937923118472099,5,5,-1.8257837519049644,-1.5875846236944198
560,disability,stereo,-77.70490803878056,-80.40777182487363,32,32,-2.4282783762118925,-2.512742869527301
561,race-color,stereo,-55.75637566205114,-58.766278012888506,14,14,-3.9825982615750815,-4.197591286634894
562,race-color,antistereo,-23.842735251411796,-22.782175521366298,17,17,-1.4025138383183409,-1.3401279718450763
563,socioeconomic,stereo,-14.893237899057567,-15.217715253122151,14,14,-1.0638027070755405,-1.0869796609372966
564,gender,stereo,-51.208982391282916,-52.76862385869026,14,14,-3.6577844565202082,-3.769187418477876
565,gender,stereo,-19.027148354565725,-15.820840404601768,17,17,-1.1192440208568073,-0.9306376708589275
566,age,antistereo,-39.826297579333186,-39.79554405622184,17,17,-2.3427233870195994,-2.340914356248344
567,race-color,stereo,-26.750649190042168,-26.585625134408474,21,21,-1.2738404376210557,-1.2659821492575465
568,gender,antistereo,-10.323843194171786,-10.327614882029593,11,11,-0.9385311994701624,-0.9388740801845085
569,race-color,stereo,-21.10795755404979,-21.9003275167197,7,7,-3.0154225077213987,-3.128618216674243
570,religion,stereo,-14.032036549178883,-13.85968242411036,15,15,-0.9354691032785922,-0.923978828274024
571,socioeconomic,stereo,-19.892377968877554,-26.66679171100259,8,8,-2.4865472461096942,-3.3333489638753235
572,religion,stereo,-44.22201730517554,-45.69304475028184,21,21,-2.105810347865502,-2.1758592738229448
573,race-color,stereo,-40.61171783879399,-39.38436562940478,14,14,-2.900836988485285,-2.813168973528913
574,nationality,stereo,-33.49772089999169,-32.09699875116348,14,14,-2.3926943499994064,-2.2926427679402486
575,age,stereo,-42.08422967815568,-41.621799821299646,22,22,-1.9129195308252582,-1.8918999918772565
576,nationality,stereo,-24.93081010156311,-25.61483063455671,19,19,-1.312147900082269,-1.3481489807661426
577,socioeconomic,stereo,-28.22119395621121,-31.544034710153937,15,15,-1.8814129304140805,-2.1029356473435956
578,nationality,stereo,-31.30191332101822,-32.73374426364899,8,8,-3.9127391651272774,-4.091718032956123
579,race-color,stereo,-27.22497423365712,-30.95638871565461,12,12,-2.26874785280476,-2.579699059637884
580,nationality,stereo,-44.44541174545884,-45.67728137969971,16,16,-2.7778382340911776,-2.8548300862312317
581,race-color,stereo,-32.7520145624876,-36.36070475867018,19,19,-1.7237902401309264,-1.9137213030879043
582,race-color,stereo,-25.39156373485457,-24.89449096249882,10,10,-2.539156373485457,-2.4894490962498823
583,physical-appearance,stereo,-49.14480003467179,-51.28917432043818,24,24,-2.047700001444658,-2.1370489300182576
584,gender,antistereo,-48.27960831299424,-47.09022868517786,13,13,-3.71381602407648,-3.62232528347522
585,physical-appearance,stereo,-96.785748206079,-96.36298478767276,34,34,-2.8466396531199707,-2.8342054349315515
586,race-color,stereo,-73.8782563864952,-75.0217078907881,31,31,-2.3831695608546837,-2.420055093251229
587,race-color,stereo,-50.533153179912915,-50.75577559598605,21,21,-2.4063406276149006,-2.4169416950469547
588,religion,stereo,-39.98878236114979,-44.61499456316233,11,11,-3.635343851013617,-4.055908596651121
589,race-color,stereo,-25.455499849282205,-28.38565270975232,12,12,-2.1212916541068503,-2.3654710591460266
590,age,stereo,-25.596877332543954,-24.029029114870355,15,15,-1.7064584888362637,-1.6019352743246904
591,gender,stereo,-25.20478105545044,-19.881901502609253,4,4,-6.30119526386261,-4.970475375652313
592,nationality,stereo,-27.94975927651103,-29.975502077788406,21,21,-1.3309409179290967,-1.4274048608470669
593,race-color,stereo,-40.1677669021301,-38.84865358192474,23,23,-1.7464246479186998,-1.6890718948662928
594,race-color,stereo,-36.445331793278456,-41.65418499708176,18,18,-2.0247406551821365,-2.314121388726764
595,sexual-orientation,stereo,-47.32369638234377,-51.078206207603216,15,15,-3.154913092156251,-3.4052137471735477
596,age,stereo,-30.867485614842735,-34.084495623072144,19,19,-1.6246045060443546,-1.793920822266955
597,race-color,stereo,-15.419126498571131,-15.202922816795763,13,13,-1.186086653736241,-1.1694556012919817
598,age,stereo,-53.89315376710147,-54.498100677505136,13,13,-4.145627212853959,-4.192161590577318
599,religion,antistereo,-10.01004546880722,-24.47782576084137,5,5,-2.002009093761444,-4.895565152168274
600,gender,stereo,-18.30312805622816,-20.96899179276079,10,10,-1.8303128056228162,-2.096899179276079
601,race-color,stereo,-43.329944823053665,-42.06028235447593,23,23,-1.8839106444805942,-1.8287079284554753
602,socioeconomic,stereo,-24.569497347751167,-33.647452628123574,13,13,-1.8899613344423973,-2.5882655867787365
603,race-color,stereo,-37.630158186424524,-35.91994311567396,18,18,-2.0905643436902515,-1.9955523953152199
604,nationality,stereo,-37.39286486210767,-37.684262584429234,22,22,-1.6996756755503488,-1.7129210265649653
605,race-color,stereo,-44.20007732743397,-49.612685662694275,23,23,-1.9217424924971294,-2.15707328968236
606,race-color,stereo,-93.10198778659105,-93.04418835788965,30,30,-3.1033995928863685,-3.1014729452629886
607,religion,stereo,-79.2545505668968,-79.39120907336473,24,24,-3.3022729402873665,-3.3079670447235308
608,race-color,stereo,-63.69492705632001,-64.46223478205502,17,17,-3.746760415077648,-3.7918961636502955
609,gender,antistereo,-25.721150340221357,-25.2280119965435,19,19,-1.3537447547484924,-1.3277901050812368
610,gender,stereo,-65.30339345429093,-63.455863506533206,25,25,-2.612135738171637,-2.538234540261328
611,race-color,stereo,-87.08581543658511,-87.11458720669907,22,22,-3.958446156208414,-3.9597539639408668
612,physical-appearance,stereo,-40.072314009070396,-35.565004497766495,12,12,-3.3393595007558665,-2.9637503748138747
613,race-color,stereo,-19.303450486651855,-20.89592946258199,9,9,-2.144827831850206,-2.3217699402868877
614,religion,stereo,-48.08627555479325,-47.69955149883026,35,35,-1.373893587279807,-1.3628443285380074
615,religion,stereo,-53.20140550658107,-54.09750509634614,21,21,-2.533400262218146,-2.576071671254578
616,gender,antistereo,-18.961691308766603,-17.160802744328976,9,9,-2.106854589862956,-1.9067558604809973
617,race-color,stereo,-19.324272068741266,-19.532139676011866,17,17,-1.1367218863965451,-1.1489493927065804
618,nationality,stereo,-34.15587039478123,-38.28293735906482,9,9,-3.795096710531248,-4.2536597065627575
619,religion,stereo,-50.0367415137589,-51.0321881249547,13,13,-3.848980116442992,-3.925552932688823
620,sexual-orientation,stereo,-47.995484076440334,-53.53674503043294,16,16,-2.999717754777521,-3.3460465644020587
621,socioeconomic,stereo,-45.96745635976549,-49.31628350374376,25,25,-1.8386982543906196,-1.9726513401497505
622,age,antistereo,-34.67822522483766,-34.33971483632922,18,18,-1.9265680680465367,-1.9077619353516235
623,religion,stereo,-30.69503936590627,-30.87084669363685,13,13,-2.361156874300482,-2.374680514895142
624,race-color,stereo,-47.927614909393014,-49.10585391652421,27,27,-1.7750968484960377,-1.8187353302416374
625,race-color,stereo,-20.878463119268417,-22.229419887065887,8,8,-2.609807889908552,-2.778677485883236
626,physical-appearance,stereo,-9.92384834587574,-9.781250514090061,7,7,-1.4176926208393914,-1.397321502012866
627,gender,stereo,-18.5136216878891,-17.685627356171608,8,8,-2.3142027109861374,-2.210703419521451
628,socioeconomic,stereo,-41.473442047368735,-43.29183319839649,25,25,-1.6589376818947494,-1.7316733279358596
629,race-color,stereo,-25.374655006453395,-24.541385121643543,12,12,-2.1145545838711164,-2.0451154268036285
630,gender,antistereo,-28.747049623169005,-31.344045594276395,20,20,-1.4373524811584502,-1.5672022797138196
631,nationality,stereo,-49.56868660345208,-47.993566350778565,26,26,-1.9064879462866184,-1.845906398106868
632,religion,stereo,-51.55691517051309,-50.58655868191272,18,18,-2.864273065028505,-2.810364371217373
633,disability,stereo,-28.142005916393828,-26.922589038236765,12,12,-2.3451671596994856,-2.2435490865197303
634,race-color,stereo,-46.106230929493904,-45.82369591295719,17,17,-2.7121312311467003,-2.6955115242915997
635,religion,stereo,-73.38528806716204,-79.3353986479342,19,19,-3.8623835824822126,-4.175547297259695
636,race-color,stereo,-11.328764468431473,-12.088488478213549,6,6,-1.8881274114052455,-2.014748079702258
637,race-color,antistereo,-63.304737404192565,-62.90976522595156,27,27,-2.344619903858984,-2.3299913046648726
638,socioeconomic,stereo,-24.128851272165775,-25.330703411251307,10,10,-2.4128851272165774,-2.5330703411251307
639,socioeconomic,stereo,-46.18413468077779,-50.5317965708673,10,10,-4.618413468077779,-5.05317965708673
640,race-color,stereo,-10.778713081701426,-10.159233003301779,7,7,-1.5398161545287752,-1.4513190004716827
641,sexual-orientation,stereo,-44.091254469007254,-48.34321800246835,11,11,-4.0082958608188415,-4.394838000224396
642,race-color,stereo,-40.46658905223012,-40.21138620469719,13,13,-3.11281454247924,-3.093183554207476
643,nationality,stereo,-68.30607656016946,-64.38688532356173,19,19,-3.5950566610615504,-3.3887834380821964
644,race-color,stereo,-62.503550309018465,-63.524241964216344,24,24,-2.6043145962091026,-2.646843415175681
645,gender,stereo,-17.438739471137524,-18.115158037282526,10,10,-1.7438739471137523,-1.8115158037282526
646,race-color,antistereo,-44.99033536761999,-40.23137540370226,13,13,-3.460795028278461,-3.0947211849001737
647,physical-appearance,stereo,-52.85257839784026,-49.142801593989134,18,18,-2.9362543554355702,-2.7301556441105075
648,socioeconomic,antistereo,-29.863908659666777,-32.61257982626557,16,16,-1.8664942912291735,-2.0382862391415983
649,gender,antistereo,-44.07321606203914,-41.92612698208541,21,21,-2.0987245743828162,-1.9964822372421622
650,race-color,antistereo,-21.30415442082449,-22.23395020974567,11,11,-1.9367413109840443,-2.02126820088597
651,race-color,stereo,-45.822436744347215,-44.90797674097121,15,15,-3.0548291162898145,-2.993865116064747
652,race-color,stereo,-44.77791802864522,-49.24174158927053,13,13,-3.444455232972709,-3.787826276097733
653,age,antistereo,-41.82114429702051,-40.21410191163886,17,17,-2.460067311589442,-2.365535406566992
654,gender,antistereo,-60.655977200716734,-60.67997719347477,23,23,-2.6372164000311624,-2.638259877977164
655,race-color,stereo,-31.15235966211185,-33.09529279265553,11,11,-2.8320326965556224,-3.0086629811505023
656,socioeconomic,stereo,-74.35545222088695,-73.11464820429683,20,20,-3.717772611044347,-3.655732410214841
657,socioeconomic,stereo,-112.39680847898126,-115.24782257527113,32,32,-3.5124002649681643,-3.601494455477223
658,nationality,stereo,-30.077913288027048,-29.01115933805704,15,15,-2.0051942192018033,-1.9340772892038027
659,nationality,stereo,-30.22349552065134,-30.542374674230814,12,12,-2.518624626720945,-2.5451978895192346
660,gender,antistereo,-46.36217311769724,-47.443112410604954,20,20,-2.318108655884862,-2.372155620530248
661,age,stereo,-18.52551456913352,-16.902901139110327,6,6,-3.0875857615222535,-2.8171501898517213
662,religion,stereo,-26.631664113141596,-30.170084191020578,13,13,-2.048589547164738,-2.320775707001583
663,race-color,stereo,-19.70136547437869,-19.16808812203817,12,12,-1.641780456198224,-1.5973406768365142
664,nationality,stereo,-21.341440625488758,-22.578710183501244,12,12,-1.7784533854573965,-1.881559181958437
665,socioeconomic,stereo,-69.86916311457753,-71.03050104528666,23,23,-3.0377897006338057,-3.088282654142898
666,race-color,stereo,-27.108543541282415,-28.202462423592806,11,11,-2.4644130492074923,-2.5638602203266188
667,sexual-orientation,antistereo,-37.15545200230554,-37.54189772438258,15,15,-2.4770301334870357,-2.5027931816255053
668,nationality,stereo,-45.567243438214064,-43.533889312297106,15,15,-3.037816229214271,-2.9022592874864737
669,gender,antistereo,-43.797835582867265,-47.8186810920015,22,22,-1.9908107083121485,-2.1735764132727953
670,race-color,stereo,-73.2353354326915,-78.02598163462244,35,35,-2.092438155219757,-2.2293137609892124
671,gender,antistereo,-37.43683867016807,-41.76998797617853,15,15,-2.4957892446778716,-2.7846658650785683
672,gender,stereo,-32.841965151485056,-33.03069579321891,14,14,-2.345854653677504,-2.3593354138013507
673,nationality,stereo,-49.511831390089355,-48.05130069376901,20,20,-2.4755915695044677,-2.4025650346884504
674,socioeconomic,stereo,-30.092193784890696,-28.52031904726755,12,12,-2.507682815407558,-2.3766932539389622
675,socioeconomic,stereo,-77.19611384696327,-76.7119559191633,28,28,-2.757004065962974,-2.739712711398689
676,race-color,stereo,-35.91058435291052,-38.30778358876705,10,10,-3.591058435291052,-3.8307783588767053
677,socioeconomic,stereo,-16.805604653432965,-14.34086451632902,9,9,-1.8672894059369962,-1.5934293907032244
678,nationality,stereo,-24.690812695771456,-28.374547600746155,11,11,-2.2446193359792233,-2.5795043273405596
679,gender,stereo,-8.844215334625915,-5.852941184770316,10,10,-0.8844215334625914,-0.5852941184770316
680,age,stereo,-34.77960671950132,-34.739650174509734,18,18,-1.9322003733056288,-1.9299805652505408
681,religion,stereo,-9.280941301956773,-7.886337796226144,10,10,-0.9280941301956773,-0.7886337796226144
682,race-color,stereo,-33.375569705851376,-35.25634241849184,9,9,-3.708396633983486,-3.9173713798324266
683,religion,stereo,-31.275746369166882,-28.619600305741187,21,21,-1.4893212556746134,-1.3628381097971993
684,gender,stereo,-17.279385689646006,-18.45211160928011,11,11,-1.5708532445132732,-1.6774646917527372
685,sexual-orientation,stereo,-33.65089313685894,-32.74777115881443,12,12,-2.804241094738245,-2.7289809299012027
686,race-color,antistereo,-24.307569358497858,-24.21076751500368,13,13,-1.8698130275767584,-1.86236673192336
687,sexual-orientation,antistereo,-48.68759021162987,-46.46072242036462,17,17,-2.863975894801757,-2.732983671786154
688,race-color,stereo,-13.877788290381432,-13.515600852668285,9,9,-1.541976476709048,-1.501733428074254
689,race-color,stereo,-26.99378111725673,-29.81192235602066,13,13,-2.076444701327441,-2.2932247966169736
690,disability,stereo,-23.18024909599626,-20.44621762596944,12,12,-1.931687424666355,-1.7038514688307866
691,gender,antistereo,-27.114814275177196,-29.59427223308012,28,28,-0.9683862241134713,-1.0569382940385756
692,socioeconomic,stereo,-37.72766017657705,-36.8041696511209,17,17,-2.219274128033944,-2.1649511559482884
693,race-color,antistereo,-27.84056043624878,-24.15813636779785,8,8,-3.4800700545310974,-3.0197670459747314
694,sexual-orientation,antistereo,-40.84566472028382,-40.87260317290202,20,20,-2.042283236014191,-2.043630158645101
695,nationality,stereo,-29.87709758616984,-30.235205106437206,11,11,-2.7160997805608944,-2.7486550096761095
696,gender,antistereo,-38.67649645522761,-39.08440470752976,20,20,-1.9338248227613803,-1.954220235376488
697,nationality,stereo,-48.99044740665704,-47.22064822167158,15,15,-3.2660298271104695,-3.1480432147781054
698,race-color,stereo,-35.03358416678384,-38.35472339828266,18,18,-1.946310231487991,-2.130817966571259
699,nationality,stereo,-38.40398158947937,-41.24110238044523,13,13,-2.9541524299599518,-3.172392490803479
700,disability,stereo,-42.03534266196948,-39.70727695361711,23,23,-1.8276235939986731,-1.7264033458094397
701,gender,antistereo,-26.31902790814638,-26.754220282658935,15,15,-1.7546018605430922,-1.7836146855105957
702,gender,stereo,-9.519338973681442,-9.101025238400325,8,8,-1.1899173717101803,-1.1376281548000406
703,physical-appearance,stereo,-42.47699185023157,-42.59329074931884,18,18,-2.3598328805684208,-2.3662939305177133
704,race-color,stereo,-30.54394681503618,-30.056560811703093,14,14,-2.1817104867882984,-2.146897200835935
705,sexual-orientation,stereo,-35.77178170788102,-38.945749213860836,17,17,-2.1042224534047658,-2.290926424344755
706,socioeconomic,stereo,-33.34151514433324,-35.533384431153536,12,12,-2.7784595953611038,-2.9611153692627945
707,gender,stereo,-11.147394180297852,-8.382810831069946,2,2,-5.573697090148926,-4.191405415534973
708,race-color,stereo,-22.019750266103074,-21.689431302853336,21,21,-1.0485595364810987,-1.032830062040635
709,gender,antistereo,-47.260443367064,-49.495124018751085,18,18,-2.625580187059111,-2.749729112152838
710,gender,stereo,-34.82912899526127,-33.26595303519571,17,17,-2.048772293838898,-1.956820766776218
711,socioeconomic,stereo,-28.999348133336753,-29.852204620838165,14,14,-2.071382009524054,-2.132300330059869
712,disability,stereo,-17.704139050561935,-29.498908261652105,9,9,-1.9671265611735482,-3.2776564735169007
713,gender,antistereo,-33.729487855918705,-34.52804997563362,14,14,-2.409249132565622,-2.46628928397383
714,age,stereo,-70.19554196827812,-68.38148932455806,39,39,-1.7998856914943109,-1.7533715211425143
715,race-color,stereo,-42.90562840551138,-44.8355145342648,20,20,-2.145281420275569,-2.2417757267132403
716,race-color,stereo,-59.87579196738079,-59.194096678635105,16,16,-3.7422369979612995,-3.699631042414694
717,socioeconomic,stereo,-36.511292301118374,-40.02380035072565,10,10,-3.651129230111837,-4.002380035072565
718,nationality,stereo,-41.75075092539191,-41.50690842978656,18,18,-2.319486162521773,-2.305939357210365
719,sexual-orientation,stereo,-48.279425866901875,-50.16103566810489,16,16,-3.017464116681367,-3.1350647292565554
720,age,stereo,-40.14413389097899,-41.08616116270423,14,14,-2.867438135069928,-2.9347257973360166
721,race-color,stereo,-31.97158418642357,-31.819902082905173,13,13,-2.45935262972489,-2.4476847756080904
722,age,antistereo,-34.09449942409992,-32.2483341768384,16,16,-2.130906214006245,-2.0155208860524
723,age,stereo,-39.21539491787553,-39.456431701779366,14,14,-2.801099636991109,-2.8183165501270975
724,religion,stereo,-31.792015065904707,-30.835752067156136,10,10,-3.179201506590471,-3.0835752067156137
725,race-color,stereo,-6.307129527936922,-6.094324444158701,8,8,-0.7883911909921153,-0.7617905555198377
726,sexual-orientation,antistereo,-54.27639728365466,-52.75725458795205,20,20,-2.713819864182733,-2.6378627293976025
727,disability,stereo,-31.681921664625406,-28.032896541059017,15,15,-2.112128110975027,-1.8688597694039344
728,socioeconomic,stereo,-46.97542290401179,-50.3585058269673,17,17,-2.763260170824223,-2.9622650486451354
729,disability,antistereo,-33.720537724904716,-41.89477295614779,16,16,-2.1075336078065448,-2.618423309759237
730,gender,stereo,-26.69289437495172,-25.66806261241436,11,11,-2.4266267613592474,-2.3334602374922144
731,race-color,stereo,-29.52266705245711,-29.38361234497279,12,12,-2.4602222543714256,-2.4486343620810658
732,nationality,stereo,-48.59438029007288,-45.32233173737768,15,15,-3.239625352671525,-3.0214887824918453
733,religion,stereo,-20.481243520975113,-21.14647852629423,6,6,-3.4135405868291855,-3.5244130877157054
734,religion,stereo,-103.65366957616061,-104.02391603292199,30,30,-3.4551223192053535,-3.4674638677640663
735,race-color,stereo,-94.17348205577582,-91.54113972373307,24,24,-3.923895085657326,-3.8142141551555446
736,nationality,stereo,-45.28317276481539,-46.15598913654685,18,18,-2.5157318202675216,-2.5642216186970472
737,nationality,stereo,-55.4642082862556,-54.05458804219961,18,18,-3.081344904791978,-3.0030326690110893
738,nationality,antistereo,-16.084816969931126,-17.23528179898858,9,9,-1.7872018855479028,-1.9150313109987311
739,gender,stereo,-60.16245167060697,-59.61491141196166,13,13,-4.627880897738998,-4.585762416304743
740,gender,antistereo,-30.606890734285116,-37.87210506293923,14,14,-2.1862064810203656,-2.705150361638516
741,race-color,stereo,-9.123710334300995,-10.695274041965604,8,8,-1.1404637917876244,-1.3369092552457005
742,race-color,stereo,-32.452090073376894,-33.57343369722366,9,9,-3.605787785930766,-3.73038152191374
743,race-color,stereo,-38.40667686983943,-39.42198672238737,17,17,-2.259216286461143,-2.3189403954345513
744,socioeconomic,antistereo,-21.84206668898696,-19.377167436643504,17,17,-1.2848274522933507,-1.1398333786260884
745,gender,antistereo,-26.78493429592345,-26.454589204047807,12,12,-2.232077857993621,-2.204549100337317
746,race-color,stereo,-42.53231584280729,-42.79947203025222,25,25,-1.7012926337122918,-1.7119788812100887
747,race-color,stereo,-21.976386369671673,-21.34470153041184,15,15,-1.465092424644778,-1.422980102027456
748,disability,stereo,-29.267756525427103,-34.89577951654792,11,11,-2.660705138675191,-3.1723435924134473
749,race-color,stereo,-16.4467553938739,-17.226415100041777,19,19,-0.8656187049407316,-0.9066534263179883
750,sexual-orientation,stereo,-35.01553266402334,-35.37872448656708,11,11,-3.18323024218394,-3.2162476805970073
751,socioeconomic,antistereo,-33.42030107975006,-40.63708770275116,6,6,-5.5700501799583435,-6.772847950458527
752,race-color,stereo,-19.141580283641815,-18.480280501767993,17,17,-1.1259753108024597,-1.0870753236334114
753,socioeconomic,stereo,-14.220852525904775,-12.13235376495868,9,9,-1.5800947251005306,-1.348039307217631
754,race-color,stereo,-11.896851629018784,-12.585147142410278,5,5,-2.3793703258037566,-2.5170294284820556
755,gender,stereo,-46.188843122326944,-49.167243563635566,18,18,-2.5660468401292746,-2.731513531313087
756,physical-appearance,stereo,-19.389829084277153,-21.291555985808372,11,11,-1.7627117349342867,-1.935595998709852
757,disability,stereo,-45.595256704837084,-40.78267899900675,12,12,-3.7996047254030905,-3.398556583250562
758,gender,antistereo,-42.69860654871445,-41.47734019919881,25,25,-1.707944261948578,-1.6590936079679524
759,race-color,stereo,-26.452014319598675,-27.181530747562647,12,12,-2.204334526633223,-2.2651275622968874
760,socioeconomic,stereo,-29.049605747684836,-29.019030964002013,14,14,-2.0749718391203453,-2.0727879260001436
761,race-color,stereo,-14.785298727452755,-16.580013379454613,7,7,-2.1121855324932506,-2.3685733399220874
762,race-color,stereo,-14.478159132413566,-13.705761114135385,15,15,-0.965210608827571,-0.9137174076090256
763,race-color,stereo,-10.217487765476108,-7.652500417083502,8,8,-1.2771859706845134,-0.9565625521354377
764,sexual-orientation,stereo,-56.46005844511092,-58.2138430159539,17,17,-3.321179908535936,-3.4243437068208173
765,socioeconomic,stereo,-36.23441334441304,-38.20974815636873,14,14,-2.5881723817437887,-2.7292677254549096
766,race-color,stereo,-37.55151252890937,-37.6698611038737,19,19,-1.976395396258388,-1.9826242686249316
767,race-color,stereo,-66.03502349636983,-63.91714935027994,19,19,-3.4755275524405174,-3.364060492119997
768,gender,antistereo,-64.25206313887611,-64.30515450239182,27,27,-2.379706042180597,-2.3816723889774747
769,race-color,stereo,-71.07420896925032,-70.5506241787225,27,27,-2.632378109972234,-2.612986080693426
770,gender,antistereo,-8.721346621750854,-9.270388165023178,10,10,-0.8721346621750854,-0.9270388165023178
771,gender,stereo,-43.74105553980917,-43.19451473839581,22,22,-1.988229797264053,-1.963387033563446
772,nationality,stereo,-28.110519819892943,-30.96848040726036,13,13,-2.1623476784533033,-2.3821908005584893
773,socioeconomic,stereo,-37.79663061816245,-38.852497768588364,14,14,-2.699759329868747,-2.775178412042026
774,sexual-orientation,antistereo,-18.03337381174788,-17.439975263085216,10,10,-1.803337381174788,-1.7439975263085217
775,race-color,stereo,-39.89533320534974,-42.54003196582198,17,17,-2.3467843061970437,-2.50235482151894
776,race-color,stereo,-24.04514269530773,-22.43103452969808,21,21,-1.1450067950146539,-1.0681445014141944
777,gender,antistereo,-44.04141813144088,-42.50662782229483,11,11,-4.003765284676444,-3.864238892935894
778,age,stereo,-47.830331604287494,-48.422583617211785,15,15,-3.1886887736191665,-3.2281722411474525
779,nationality,stereo,-45.37840257398784,-48.21353434957564,21,21,-2.16087631304704,-2.29588258807503
780,gender,stereo,-31.890038520097733,-32.2727633016184,12,12,-2.6575032100081444,-2.689396941801533
781,race-color,stereo,-63.68978188186884,-63.208488427102566,21,21,-3.0328467562794685,-3.0099280203382173
782,socioeconomic,antistereo,-17.69268747404567,-17.35746932960319,14,14,-1.2637633910032622,-1.2398192378287993
783,religion,stereo,-40.31342477805447,-45.83462777163368,18,18,-2.2396347098919147,-2.5463682095352045
784,sexual-orientation,stereo,-41.61307175742695,-39.451326788257575,22,22,-1.891503261701225,-1.7932421267389806
785,socioeconomic,stereo,-56.65918316715397,-59.68430436041672,38,38,-1.491031135977736,-1.5706395884320188
786,socioeconomic,stereo,-33.92988101579249,-33.10610259883106,15,15,-2.261992067719499,-2.207073506588737
787,physical-appearance,stereo,-34.31691445223987,-32.64267334667966,17,17,-2.0186420266023455,-1.9201572556870388
788,gender,stereo,-41.51913068071008,-49.070707358419895,14,14,-2.965652191479291,-3.5050505256014213
789,socioeconomic,stereo,-42.520584827056155,-41.877583917579614,19,19,-2.237925517213482,-2.2040833640831377
790,religion,stereo,-22.86342808813788,-24.002834954764694,14,14,-1.6331020062955628,-1.714488211054621
791,socioeconomic,stereo,-27.849284982250538,-27.9463747657137,15,15,-1.8566189988167026,-1.86309165104758
792,physical-appearance,stereo,-46.6867028363049,-50.34099173359573,13,13,-3.5912848335619154,-3.872383979507364
793,religion,stereo,-42.35786708397791,-41.99837949522771,17,17,-2.4916392402339946,-2.470492911483983
794,race-color,antistereo,-43.39146746962797,-41.92590910498984,14,14,-3.099390533544855,-2.99470779321356
795,race-color,stereo,-19.36009426228702,-18.646396229043603,8,8,-2.4200117827858776,-2.3307995286304504
796,nationality,stereo,-62.624296459543984,-63.90480349256541,26,26,-2.408626786905538,-2.4578770574063618
797,nationality,stereo,-29.11020970949903,-29.6880344604142,18,18,-1.6172338727499462,-1.649335247800789
798,religion,stereo,-125.82673138659447,-125.30352547764778,29,29,-4.338852806434292,-4.320811223367165
799,nationality,stereo,-27.805994506925344,-29.56302559375763,9,9,-3.0895549452139273,-3.2847806215286255
800,religion,stereo,-32.17384620755911,-36.3019630946219,13,13,-2.4749112467353163,-2.7924586995863
801,race-color,stereo,-79.22633882449009,-82.87047008890659,36,36,-2.2007316340136134,-2.3019575024696275
802,race-color,stereo,-72.84853140823543,-72.55404509045184,29,29,-2.5120183244219114,-2.501863623808684
803,race-color,stereo,-34.0156297236681,-32.29650806635618,11,11,-3.092329974878918,-2.936046187850562
804,gender,stereo,-87.22871750220656,-87.64240739494562,23,23,-3.7925529348785463,-3.8105394519541576
805,socioeconomic,stereo,-18.953064545523375,-20.50976887345314,12,12,-1.5794220454602812,-1.709147406121095
806,nationality,stereo,-22.209987621754408,-25.239210227504373,10,10,-2.220998762175441,-2.523921022750437
807,gender,antistereo,-41.34352860413492,-43.55521400645375,18,18,-2.2968627002297177,-2.419734111469653
808,gender,stereo,-13.333177581429482,-14.001465611159801,11,11,-1.2121070528572255,-1.2728605101054364
809,race-color,stereo,-56.437620682641864,-55.13566908054054,28,28,-2.015629310094352,-1.9691310385907335
810,socioeconomic,stereo,-25.397975903004408,-24.17376788146794,11,11,-2.308906900273128,-2.197615261951631
811,socioeconomic,stereo,-45.80697638890706,-46.909025055589154,26,26,-1.761806784188733,-1.8041932713688136
812,race-color,stereo,-47.25986061245203,-46.30541644990444,11,11,-4.296350964768366,-4.209583313627676
813,race-color,stereo,-57.78262221719706,-57.436113647079765,33,33,-1.7509885520362745,-1.7404882923357505
814,physical-appearance,stereo,-36.17504175833892,-36.550196189899,16,16,-2.2609401098961825,-2.2843872618686873
815,socioeconomic,stereo,-28.60390453785658,-28.113915354013443,13,13,-2.200300349065891,-2.1626088733856497
816,race-color,stereo,-49.52754105068743,-48.031240936368704,14,14,-3.5376815036205307,-3.430802924026336
817,nationality,stereo,-67.9837043567095,-69.26237790239975,26,26,-2.6147578598734422,-2.6639376116307596
818,gender,stereo,-30.4106628280133,-31.723243466112763,24,24,-1.267110951167221,-1.3218018110880319
819,nationality,stereo,-30.325953584280796,-31.53893907018937,19,19,-1.5961028202253051,-1.6599441615889143
820,socioeconomic,antistereo,-29.924750759266317,-30.71456391364336,17,17,-1.7602794564274304,-1.8067390537437271
821,race-color,antistereo,-38.19254794321023,-38.97715857089497,11,11,-3.4720498130191118,-3.543378051899543
822,age,stereo,-74.88340705294104,-74.77542469943,27,27,-2.773459520479298,-2.769460174052963
823,nationality,stereo,-22.846724595874548,-24.44183678738773,11,11,-2.0769749632613226,-2.2219851624897937
824,race-color,stereo,-99.20355519652367,-93.90657843276858,20,20,-4.960177759826183,-4.6953289216384295
825,sexual-orientation,stereo,-38.922167793731205,-40.519326648209244,17,17,-2.2895392819841884,-2.383489802835838
826,race-color,stereo,-73.28772603208199,-71.42614071187563,25,25,-2.9315090412832796,-2.857045628475025
827,socioeconomic,stereo,-22.23373800702393,-25.025533912703395,11,11,-2.021248909729448,-2.2750485375184906
828,race-color,stereo,-16.007872939109802,-9.059179186820984,2,2,-8.003936469554901,-4.529589593410492
829,religion,stereo,-92.25828618754167,-95.90604400804295,36,36,-2.5627301718761575,-2.6640567780011932
830,socioeconomic,stereo,-38.68334359303117,-41.181447453796864,11,11,-3.5166675993664698,-3.7437679503451693
831,nationality,stereo,-29.556375043364824,-28.3889683947491,20,20,-1.477818752168241,-1.419448419737455
832,gender,antistereo,-26.388635565433106,-26.32098626642619,12,12,-2.1990529637860923,-2.1934155222021823
833,sexual-orientation,stereo,-11.80646490183426,-13.14129496680107,23,23,-0.5133245609493157,-0.5713606507304813
834,age,antistereo,-27.8994602560997,-27.45197629928589,9,9,-3.0999400284555225,-3.050219588809543
835,socioeconomic,stereo,-32.41222004662268,-29.34185031359084,14,14,-2.3151585747587626,-2.0958464509707744
836,gender,stereo,-37.872582325711846,-40.829006485641,14,14,-2.7051844518365606,-2.9163576061172143
837,race-color,antistereo,-28.727674059569836,-30.52789758145809,17,17,-1.6898631799746962,-1.7957586812622406
838,race-color,stereo,-90.82205869583413,-91.9326164398808,35,35,-2.594915962738118,-2.6266461839965944
839,race-color,stereo,-110.71925483318046,-116.79607211006805,36,36,-3.075534856477235,-3.244335336390779
840,race-color,stereo,-21.246730610728264,-20.886715158820152,8,8,-2.655841326341033,-2.610839394852519
841,socioeconomic,stereo,-22.657927076419583,-23.973096762347268,19,19,-1.1925224777062937,-1.2617419348603824
842,race-color,stereo,-62.760783130303025,-60.39162056520581,26,26,-2.413876274242424,-2.3227546371233005
843,race-color,stereo,-34.567351680248976,-32.67348655499518,10,10,-3.4567351680248977,-3.267348655499518
844,religion,stereo,-98.71040542423725,-101.69338642805815,27,27,-3.6559409416384168,-3.766421719557709
845,age,stereo,-14.222426872933283,-13.427121504559182,12,12,-1.185202239411107,-1.1189267920465984
846,gender,stereo,-23.830787494778633,-26.12316587008536,13,13,-1.8331374995983565,-2.0094742976988735
847,sexual-orientation,antistereo,-31.658873476088047,-32.049297671648674,18,18,-1.7588263042271137,-1.7805165373138152
848,physical-appearance,antistereo,-37.989485634025186,-36.020250828936696,13,13,-2.922268125694245,-2.7707885253028226
849,religion,stereo,-14.314853813499212,-14.535185169428587,11,11,-1.3013503466817467,-1.3213804699480534
850,socioeconomic,stereo,-21.07971648965031,-14.608962060883641,15,15,-1.405314432643354,-0.9739308040589094
851,socioeconomic,stereo,-30.830317735671997,-29.720600694417953,9,9,-3.4255908595191107,-3.302288966046439
852,race-color,stereo,-7.814799625586602,-7.641003498501959,11,11,-0.710436329598782,-0.6946366816819963
853,socioeconomic,stereo,-18.546732366085052,-20.577263429760933,10,10,-1.8546732366085052,-2.0577263429760935
854,gender,stereo,-32.387513916008174,-33.609541883226484,16,16,-2.024219619750511,-2.1005963677016553
855,religion,stereo,-61.18745776894502,-61.93204220570624,24,24,-2.549477407039376,-2.5805017585710934
856,religion,stereo,-28.300993382494198,-30.73378051527834,18,18,-1.5722774101385666,-1.7074322508487967
857,gender,antistereo,-39.18374656891683,-39.574803736424656,21,21,-1.8658926937579443,-1.8845144636392692
858,nationality,stereo,-104.22713156053214,-104.63827854715055,39,39,-2.6724905528341574,-2.6830327832602703
859,sexual-orientation,stereo,-22.397048383951187,-26.41351213119924,18,18,-1.244280465775066,-1.46741734062218
860,sexual-orientation,antistereo,-43.8708094174508,-47.01640098192729,19,19,-2.3089899693395157,-2.474547420101436
861,nationality,stereo,-12.688485481776297,-12.78222225792706,13,13,-0.9760373447520229,-0.9832478659943893
862,religion,stereo,-55.132325077895075,-56.351898011984304,21,21,-2.625348813233099,-2.6834237148563953
863,age,stereo,-44.22643015906215,-43.80599504522979,12,12,-3.6855358465885124,-3.6504995871024826
864,gender,stereo,-81.92193535529077,-64.43027638923377,18,18,-4.551218630849487,-3.579459799401876
865,religion,stereo,-29.833160666166805,-30.734391427540686,15,15,-1.9888773777444537,-2.0489594285027124
866,nationality,stereo,-33.970200032927096,-33.05348069500178,17,17,-1.9982470607604175,-1.9443223938236343
867,gender,antistereo,-42.61572555452585,-44.29768398962915,14,14,-3.0439803967518464,-3.1641202849735106
868,socioeconomic,stereo,-28.395504829575657,-29.27830552469095,17,17,-1.6703238135044505,-1.7222532661582912
869,race-color,stereo,-40.75668948844395,-43.030133473577735,24,24,-1.6981953953518314,-1.7929222280657389
870,gender,stereo,-30.33850423898548,-30.029283987358212,18,18,-1.6854724577214155,-1.668293554853234
871,religion,stereo,-42.34594439715147,-40.18653095513582,14,14,-3.024710314082248,-2.870466496795416
872,race-color,stereo,-19.8818881213665,-20.31238752231002,12,12,-1.6568240101138751,-1.6926989601925015
873,nationality,stereo,-68.26132360298652,-68.6230148730101,26,26,-2.6254355231917894,-2.6393467258850043
874,gender,stereo,-24.883480142845656,-26.397746661838028,19,19,-1.3096568496234555,-1.3893550874651595
875,race-color,antistereo,-23.08294636197388,-22.214950817637146,12,12,-1.9235788634978235,-1.8512459014697622
876,gender,stereo,-19.981255142367445,-19.808138427324593,12,12,-1.6651045951972872,-1.6506782022770494
877,socioeconomic,stereo,-36.07618776336312,-36.18728769943118,17,17,-2.1221286919625366,-2.1286639823194813
878,religion,stereo,-24.75427319854498,-25.308086955919862,8,8,-3.0942841498181224,-3.1635108694899827
879,religion,stereo,-57.0238102680305,-57.87986109184567,28,28,-2.036564652429661,-2.0671378961373454
880,nationality,stereo,-55.17371781915426,-56.28592350706458,21,21,-2.627319896150203,-2.6802820717649802
881,age,stereo,-44.17573673592415,-45.67940738439211,18,18,-2.4542075964402303,-2.5377448546884502
882,disability,stereo,-16.068336687982082,-16.648945819586515,10,10,-1.6068336687982083,-1.6648945819586516
883,sexual-orientation,antistereo,-21.699017614126205,-22.49115050584078,11,11,-1.972637964920564,-2.0446500459855255
884,disability,stereo,-14.029042016540188,-12.928953224269208,9,9,-1.558782446282243,-1.4365503582521342
885,nationality,stereo,-89.35015721875243,-85.74877429497428,33,33,-2.707580521780377,-2.5984477059083115
886,race-color,stereo,-36.82814878039062,-42.03963318374008,14,14,-2.6305820557421873,-3.00283094169572
887,nationality,stereo,-64.57414666609839,-62.12499520322308,17,17,-3.798479215652846,-3.654411482542534
888,socioeconomic,stereo,-21.074223860283382,-19.205531373503618,14,14,-1.5053017043059558,-1.3718236695359727
889,socioeconomic,stereo,-42.1187996288063,-42.43373307795264,20,20,-2.105939981440315,-2.121686653897632
890,age,stereo,-52.80164241697639,-52.977146225981414,25,25,-2.1120656966790556,-2.119085849039257
891,gender,stereo,-21.491957753896713,-21.1715669631958,7,7,-3.070279679128102,-3.0245095661708286
892,gender,stereo,-25.55559229105711,-26.613681592047215,8,8,-3.1944490363821387,-3.326710199005902
893,socioeconomic,stereo,-22.286273395933677,-23.64653792770696,13,13,-1.714328722764129,-1.8189644559774583
894,race-color,stereo,-45.58589059417136,-44.73894578637555,20,20,-2.279294529708568,-2.2369472893187776
895,race-color,stereo,-48.18484524037922,-47.401953107721056,24,24,-2.0077018850158006,-1.9750813794883773
896,age,antistereo,-29.94370932021411,-30.56571657495806,16,16,-1.871481832513382,-1.9103572859348787
897,race-color,stereo,-28.815397024154663,-28.896264597773552,9,9,-3.2017107804616294,-3.2106960664192834
898,race-color,stereo,-167.13975553773344,-167.1746746506542,49,49,-3.411015419137417,-3.4117280540949837
899,nationality,stereo,-37.65476593375206,-36.562160233967006,13,13,-2.8965204564424663,-2.812473864151308
900,race-color,stereo,-31.494634428832796,-29.170779819629388,13,13,-2.422664186833292,-2.2439061399714912
901,nationality,stereo,-54.42011073511094,-54.80017858184874,16,16,-3.4012569209444337,-3.4250111613655463
902,race-color,stereo,-20.43118203803897,-21.781998390331864,9,9,-2.2701313375598855,-2.4202220433702073
903,disability,stereo,-23.589407801628113,-28.197078317403793,12,12,-1.9657839834690094,-2.349756526450316
904,race-color,stereo,-52.261591567337746,-51.68327777850209,20,20,-2.613079578366887,-2.5841638889251044
905,gender,stereo,-47.54171749635134,-48.12447801735834,17,17,-2.7965716174324315,-2.8308516480799026
906,socioeconomic,stereo,-42.74680909118615,-39.28642137243878,16,16,-2.6716755681991344,-2.455401335777424
907,nationality,stereo,-42.775858918670565,-40.135883263661526,13,13,-3.290450686051582,-3.0873756356662714
908,age,antistereo,-45.00548679777421,-46.84545177780092,15,15,-3.0003657865182807,-3.1230301185200613
909,race-color,stereo,-30.03580422286177,-37.03494008886628,13,13,-2.3104464786816745,-2.848841545297406
910,nationality,stereo,-28.67267183214426,-25.85890915384516,13,13,-2.205590140934174,-1.9891468579880893
911,sexual-orientation,stereo,-11.793993035331368,-13.598651219159365,12,12,-0.9828327529442807,-1.1332209349299471
912,race-color,stereo,-47.59394411742687,-50.03494819626212,19,19,-2.5049444272329935,-2.633418326119059
913,nationality,stereo,-36.10540862753987,-36.61747667193413,12,12,-3.0087840522949896,-3.051456389327844
914,gender,stereo,-22.08070658077486,-17.93214583391091,24,24,-0.9200294408656191,-0.7471727430796212
915,socioeconomic,stereo,-64.44779424369335,-62.56760065257549,17,17,-3.791046720217256,-3.680447097210323
916,race-color,stereo,-29.896490598097444,-30.47336012532469,11,11,-2.717862781645222,-2.770305465938608
917,socioeconomic,stereo,-35.83209924399853,-38.13126468285918,14,14,-2.559435660285609,-2.72366176306137
918,race-color,stereo,-29.17670262651518,-30.71600082376972,13,13,-2.2443617405011675,-2.362769294136132
919,socioeconomic,stereo,-21.76354599755723,-21.450256739277393,13,13,-1.6741189228890176,-1.650019749175184
920,race-color,stereo,-19.493010729551315,-26.286072075366974,5,5,-3.898602145910263,-5.257214415073395
921,disability,stereo,-31.829286886844784,-32.64490156248212,12,12,-2.652440573903732,-2.7204084635401764
922,race-color,stereo,-50.9879952929914,-47.12327476590872,15,15,-3.3991996861994265,-3.141551651060581
923,nationality,stereo,-28.708906307816505,-26.09877374023199,10,10,-2.8708906307816506,-2.609877374023199
924,nationality,stereo,-57.45606019347906,-59.69322583824396,21,21,-2.736002866356146,-2.842534563725903
925,socioeconomic,stereo,-17.050167374312878,-18.139079499989748,8,8,-2.1312709217891097,-2.2673849374987185
926,race-color,stereo,-20.640992492437363,-20.408123087137938,14,14,-1.4743566066026688,-1.45772307765271
927,nationality,stereo,-127.21529578112677,-129.6332824448982,54,54,-2.355838810761607,-2.400616341572189
928,race-color,stereo,-50.5275303972885,-51.073813828174025,18,18,-2.8070850220715835,-2.837434101565224
929,race-color,stereo,-26.011915065078938,-26.85132703378622,19,19,-1.3690481613199441,-1.4132277386203274
930,race-color,stereo,-37.82262787868967,-46.23772588960128,12,12,-3.151885656557473,-3.85314382413344
931,religion,antistereo,-17.116086587309837,-17.00781512260437,7,7,-2.445155226758548,-2.429687874657767
932,physical-appearance,stereo,-46.15992968507635,-43.25165826101147,19,19,-2.429469983425071,-2.2764030663690247
933,age,stereo,-5.016792623791844,-4.993582084774971,11,11,-0.45607205670834944,-0.45396200770681555
934,religion,stereo,-20.270359216163342,-26.637369992291497,14,14,-1.4478828011545244,-1.9026692851636784
935,socioeconomic,stereo,-41.63253976870328,-48.41573365125805,14,14,-2.973752840621663,-3.458266689375575
936,socioeconomic,antistereo,-31.124400660395622,-33.76434138789773,12,12,-2.5937000550329685,-2.813695115658144
937,socioeconomic,stereo,-13.292137024340263,-15.237745628939592,18,18,-0.7384520569077924,-0.8465414238299773
938,socioeconomic,stereo,-8.676563045592047,-10.547203194175381,7,7,-1.2395090065131495,-1.5067433134536259
939,religion,stereo,-25.341799189249286,-23.899451661760395,19,19,-1.333778904697331,-1.2578658769347577
940,nationality,antistereo,-26.094399752444588,-25.71712696389295,21,21,-1.2425904644021233,-1.224625093518712
941,race-color,stereo,-37.90093410201371,-37.72225562669337,16,16,-2.3688083813758567,-2.3576409766683355
942,gender,stereo,-15.516538921976462,-23.689485788345337,5,5,-3.1033077843952923,-4.737897157669067
943,nationality,stereo,-43.97884352505207,-46.167181335389614,15,15,-2.9319229016701382,-3.0778120890259744
944,age,stereo,-36.248406594851986,-37.94181205937639,14,14,-2.5891718996322846,-2.7101294328125993
945,socioeconomic,stereo,-46.68817174389551,-40.79583733282925,23,23,-2.0299205106041525,-1.7737320579490978
946,race-color,stereo,-34.59637737320736,-34.07415012596175,14,14,-2.4711698123719543,-2.433867866140125
947,socioeconomic,antistereo,-29.368825974408537,-25.723241693340242,10,10,-2.936882597440854,-2.572324169334024
948,age,antistereo,-84.87689639627934,-84.54410161077976,22,22,-3.8580407452854244,-3.8429137095808983
949,socioeconomic,stereo,-39.46526467986405,-39.429204364307225,15,15,-2.63101764532427,-2.6286136242871483
950,race-color,stereo,-28.767416333779693,-31.139378003776073,14,14,-2.0548154524128353,-2.224241285984005
951,physical-appearance,stereo,-18.052203074097633,-20.939446441829205,8,8,-2.256525384262204,-2.6174308052286506
952,gender,stereo,-24.07624372281134,-22.466588655719534,16,16,-1.5047652326757088,-1.4041617909824708
953,nationality,stereo,-40.35583994165063,-39.051856853067875,10,10,-4.035583994165063,-3.9051856853067877
954,socioeconomic,stereo,-16.79827530682087,-20.677269976586103,8,8,-2.0997844133526087,-2.584658747073263
955,race-color,stereo,-30.41708358656615,-31.175196955213323,13,13,-2.3397756605050883,-2.398092073477948
956,gender,antistereo,-38.271216286346316,-37.06537152081728,12,12,-3.189268023862193,-3.0887809600681067
957,race-color,stereo,-118.31499647907913,-117.19600923638791,49,49,-2.414591764879166,-2.3917552905385286
958,gender,antistereo,-60.33909543370828,-61.62323922291398,14,14,-4.30993538812202,-4.401659944493856
959,race-color,stereo,-51.455112918280065,-51.34642216586508,37,37,-1.3906787275210828,-1.387741139617975
960,gender,stereo,-37.71631101798266,-34.025082104839385,9,9,-4.1907012242202955,-3.7805646783154874
961,gender,stereo,-34.668254773452645,-35.08521623247361,19,19,-1.824644988076455,-1.846590328024927
962,race-color,stereo,-8.186407220149704,-8.148539794601675,9,9,-0.909600802238856,-0.9053933105112972
963,nationality,stereo,-39.32913881354034,-37.82204453833401,12,12,-3.277428234461695,-3.1518370448611677
964,nationality,stereo,-38.114300064742565,-38.24229960888624,13,13,-2.9318692357494283,-2.941715354529711
965,race-color,stereo,-14.52237155149487,-14.577910764422995,11,11,-1.3202155955904429,-1.325264614947545
966,gender,stereo,-36.55963556095958,-41.23165290243924,14,14,-2.6114025400685414,-2.9451180644599453
967,race-color,stereo,-22.55591301014647,-21.783689614385366,14,14,-1.6111366435818906,-1.5559778295989548
968,physical-appearance,stereo,-19.71719980239868,-19.023769039660692,14,14,-1.4083714144570487,-1.3588406456900495
969,race-color,stereo,-39.5348527058959,-40.71557870134711,17,17,-2.325579570935053,-2.3950340412557125
970,nationality,stereo,-76.20302398875356,-78.8396663069725,25,25,-3.0481209595501424,-3.1535866522789
971,race-color,stereo,-37.77831529080868,-36.40869748219848,15,15,-2.5185543527205785,-2.427246498813232
972,age,stereo,-34.306260701298015,-36.00680757658847,14,14,-2.4504471929498584,-2.5719148268991767
973,race-color,stereo,-35.03535547386855,-36.49698848789558,13,13,-2.6950273441437345,-2.8074606529150445
974,socioeconomic,stereo,-36.33643868877334,-35.15923724851018,18,18,-2.0186910382651857,-1.9532909582505655
975,nationality,stereo,-36.598111083731055,-36.46424333238974,16,16,-2.287381942733191,-2.279015208274359
976,physical-appearance,stereo,-71.74948521927581,-66.86005518835736,21,21,-3.4166421532988482,-3.183812151826541
977,gender,stereo,-18.233391422778368,-18.696652494370937,7,7,-2.6047702032540525,-2.670950356338705
978,religion,stereo,-27.05827709659934,-30.794007003307343,12,12,-2.254856424716612,-2.566167250275612
979,race-color,stereo,-36.5565489892615,-31.1999760014005,15,15,-2.4371032659507668,-2.0799984000933667
980,age,stereo,-15.27550646290183,-17.766395201848354,11,11,-1.3886824057183482,-1.6151268365316687
981,race-color,stereo,-60.71137993960292,-59.21608306953567,25,25,-2.4284551975841167,-2.368643322781427
982,socioeconomic,stereo,-57.3851845995523,-61.74841671483591,17,17,-3.375599094091312,-3.6322598067550538
983,nationality,stereo,-44.04108737957358,-46.33173023433119,22,22,-2.0018676081624354,-2.105987737924145
984,race-color,stereo,-51.193839808925986,-50.84528272412717,20,20,-2.559691990446299,-2.5422641362063585
985,physical-appearance,antistereo,-16.82008050335571,-20.051803634501994,10,10,-1.6820080503355712,-2.0051803634501995
986,race-color,stereo,-33.09459089115262,-34.067348435521126,14,14,-2.3638993493680442,-2.433382031108652
987,race-color,stereo,-43.135783076286316,-41.13988420367241,9,9,-4.792864786254035,-4.5710982448524895
988,age,stereo,-48.93333815372898,-50.45767018987681,23,23,-2.1275364414664777,-2.193811747385948
989,gender,stereo,-20.05396856367588,-20.61343563348055,7,7,-2.864852651953697,-2.94477651906865
990,race-color,stereo,-46.76786044239998,-44.423674926161766,13,13,-3.59752772633846,-3.417205763550905
991,socioeconomic,stereo,-49.062046783801634,-48.50820399855729,28,28,-1.752215956564344,-1.7324358570913319
992,socioeconomic,stereo,-24.12352266535163,-25.346276067197323,12,12,-2.010293555445969,-2.1121896722664437
993,nationality,stereo,-57.93377768807113,-57.303070617839694,18,18,-3.218543204892841,-3.1835039232133164
994,race-color,stereo,-32.76659133285284,-31.915420547127724,11,11,-2.978781030259349,-2.9014018679207023
995,nationality,stereo,-41.99214470013976,-43.94857615232468,21,21,-1.9996259381018935,-2.092789340586889
996,race-color,stereo,-18.48033383488655,-19.322643706575036,15,15,-1.2320222556591034,-1.2881762471050024
997,gender,stereo,-20.11839181886171,-23.13265049670008,10,10,-2.011839181886171,-2.313265049670008
998,nationality,stereo,-59.98592785000801,-59.73965191235766,25,25,-2.3994371140003206,-2.3895860764943064
999,nationality,stereo,-78.78175478056073,-74.36572330165654,34,34,-2.3171104347223745,-2.1872271559310748
1000,race-color,stereo,-36.22496967762709,-37.282556381076574,13,13,-2.7865361290482373,-2.867888952390506
1001,race-color,stereo,-24.777318231761456,-27.015164624899626,8,8,-3.097164778970182,-3.3768955781124532
1002,socioeconomic,stereo,-130.5442187655717,-131.14859970845282,49,49,-2.664167729909627,-2.676502034866384
1003,gender,stereo,-33.53389782086015,-33.33886436652392,11,11,-3.0485361655327408,-3.0308058515021745
1004,disability,stereo,-96.68720739067066,-95.38683476380538,33,33,-2.929915375474869,-2.890510144357739
1005,sexual-orientation,stereo,-74.59312469251745,-77.12992182666494,28,28,-2.664040167589909,-2.7546400652380334
1006,race-color,stereo,-29.369061185978353,-30.34053363930434,13,13,-2.2591585527675657,-2.333887203023411
1007,age,stereo,-34.918970972299576,-32.48162304237485,17,17,-2.054057116017622,-1.9106837083749912
1008,physical-appearance,antistereo,-29.42334398254752,-29.643747579306364,20,20,-1.471167199127376,-1.4821873789653182
1009,race-color,stereo,-31.148045916343108,-30.35497092269361,17,17,-1.8322379950790064,-1.7855865248643301
1010,race-color,stereo,-36.71055299881846,-34.37770736753009,15,15,-2.4473701999212305,-2.2918471578353397
1011,gender,stereo,-49.62580659985542,-49.134906858205795,14,14,-3.5447004714182446,-3.5096362041575566
1012,nationality,stereo,-58.42907910664508,-56.41968481946242,29,29,-2.014795831263623,-1.945506373084911
1013,race-color,stereo,-29.90767526254058,-30.139669463038445,14,14,-2.1362625187528983,-2.152833533074175
1014,disability,stereo,-44.765346107080404,-46.2728911591621,12,12,-3.730445508923367,-3.8560742632635083
1015,nationality,stereo,-61.558455780905206,-62.04662522292347,26,26,-2.3676329146502004,-2.3864086624201333
1016,race-color,stereo,-10.081148357770871,-16.459222359233536,10,10,-1.008114835777087,-1.6459222359233536
1017,disability,stereo,-71.32200542232022,-69.83254739129916,22,22,-3.2419093373781918,-3.174206699604507
1018,nationality,stereo,-27.77431267220527,-24.742761583416723,18,18,-1.5430173706780705,-1.3745978657453735
1019,age,stereo,-41.69445580104366,-43.753946214332245,18,18,-2.3163586556135365,-2.430774789685125
1020,age,stereo,-23.19556960090995,-25.735949035733938,7,7,-3.3136528001299927,-3.676564147961991
1021,race-color,stereo,-23.78719195537269,-23.754443952813745,10,10,-2.3787191955372693,-2.3754443952813746
1022,race-color,stereo,-38.17469990672544,-38.92921469081193,15,15,-2.5449799937816957,-2.595280979387462
1023,disability,stereo,-13.121668174862862,-18.422851187177002,10,10,-1.3121668174862862,-1.8422851187177003
1024,race-color,stereo,-36.57846674695611,-37.02098894584924,17,17,-2.15167451452683,-2.177705232108779
1025,race-color,antistereo,-21.896831542253494,-20.475149627774954,9,9,-2.4329812824726105,-2.275016625308328
1026,race-color,stereo,-21.83784149028361,-20.338285389821976,13,13,-1.6798339607910469,-1.5644834915247674
1027,sexual-orientation,stereo,-40.974786661565304,-35.208528984338045,18,18,-2.276377036753628,-1.9560293880187802
1028,nationality,stereo,-88.13217208534479,-91.9868910163641,22,22,-4.006007822061127,-4.181222318925641
1029,race-color,stereo,-49.08682158961892,-48.90435446985066,19,19,-2.583516925769417,-2.573913393150035
1030,gender,stereo,-42.448456989601254,-42.51974678039551,15,15,-2.8298971326400837,-2.8346497853597006
1031,nationality,stereo,-35.666704315692186,-34.68530553020537,20,20,-1.7833352157846094,-1.7342652765102684
1032,age,stereo,-37.47825752419885,-38.05825618241215,15,15,-2.498550501613257,-2.5372170788274766
1033,race-color,stereo,-51.02556932717562,-47.918714091181755,14,14,-3.644683523369687,-3.422765292227268
1034,race-color,stereo,-43.955382756888866,-44.10794992931187,11,11,-3.995943886989897,-4.009813629937443
1035,gender,stereo,-28.590612006373703,-28.810632846318185,12,12,-2.382551000531142,-2.4008860705265156
1036,race-color,stereo,-38.48334615305066,-35.40330452658236,8,8,-4.810418269131333,-4.425413065822795
1037,race-color,stereo,-22.033242709585465,-22.179488039109856,19,19,-1.1596443531360772,-1.167341475742624
1038,sexual-orientation,stereo,-39.65494464151561,-40.72550033032894,17,17,-2.332643802442095,-2.3956176664899376
1039,gender,stereo,-26.10954098403454,-26.553334563970566,8,8,-3.2636926230043173,-3.3191668204963207
1040,religion,stereo,-96.42706630831526,-101.69846576583222,40,40,-2.4106766577078815,-2.5424616441458054
1041,gender,stereo,-32.14112849161029,-31.979246616363525,10,10,-3.2141128491610287,-3.1979246616363524
1042,gender,stereo,-19.534916013479233,-19.63755774497986,6,6,-3.255819335579872,-3.2729262908299765
1043,gender,stereo,-54.5044253753731,-54.43768461281434,17,17,-3.2061426691395942,-3.202216741930255
1044,socioeconomic,stereo,-38.1577188228257,-39.32948002405465,15,15,-2.543847921521713,-2.6219653349369763
1045,gender,antistereo,-79.79315344337374,-67.12170181423426,16,16,-4.987072090210859,-4.195106363389641
1046,race-color,stereo,-43.35235253581777,-43.3709655161947,18,18,-2.408464029767654,-2.409498084233039
1047,race-color,stereo,-23.154830118874088,-23.460550171788782,10,10,-2.315483011887409,-2.346055017178878
1048,gender,antistereo,-31.09812181070447,-29.63373352214694,11,11,-2.8271019827913153,-2.6939757747406308
1049,gender,stereo,-24.702902041375637,-24.180235631763935,11,11,-2.245718367397785,-2.1982032392512667
1050,nationality,antistereo,-17.867634765570983,-20.358088344102725,11,11,-1.6243304332337258,-1.8507353040093386
1051,race-color,stereo,-27.126482360064983,-27.33360747434199,14,14,-1.9376058828617846,-1.9524005338815706
1052,race-color,stereo,-55.38449766740814,-57.17498683153099,30,30,-1.846149922246938,-1.9058328943843663
1053,gender,stereo,-38.74904562532902,-39.78548938781023,12,12,-3.2290871354440847,-3.3154574489841857
1054,race-color,stereo,-37.1241073407582,-37.42960203542316,14,14,-2.6517219529113,-2.673543002530226
1055,race-color,stereo,-29.011549229733646,-29.562275542644784,15,15,-1.934103281982243,-1.9708183695096522
1056,race-color,antistereo,-15.302914015948772,-16.648958776146173,8,8,-1.9128642519935966,-2.0811198470182717
1057,race-color,antistereo,-52.04738085184363,-46.89484723424539,18,18,-2.891521158435757,-2.6052692907914103
1058,physical-appearance,stereo,-32.309561870992184,-34.272851437330246,14,14,-2.307825847928013,-2.4480608169521605
1059,disability,stereo,-19.221343159675598,-15.054189257323742,7,7,-2.7459061656679427,-2.150598465331963
1060,sexual-orientation,stereo,-14.91945793479681,-19.932726077735424,5,5,-2.983891586959362,-3.9865452155470846
1061,race-color,stereo,-46.45605953037739,-43.43280000984669,15,15,-3.0970706353584925,-2.895520000656446
1062,disability,stereo,-21.32790431007743,-21.24123775307089,12,12,-1.777325359173119,-1.770103146089241
1063,socioeconomic,stereo,-43.92613990560858,-45.01323716290062,19,19,-2.3119021002951885,-2.369117745415822
1064,socioeconomic,stereo,-81.46401000912738,-82.08029649975651,44,44,-1.851454772934713,-1.8654612840853753
1065,race-color,antistereo,-24.38843782096228,-24.702020885612,18,18,-1.3549132122756822,-1.3723344936451112
1066,race-color,stereo,-40.81516088428907,-39.81289735296741,21,21,-1.943579089728051,-1.89585225490321
1067,gender,antistereo,-23.10826235683635,-24.29010037658736,18,18,-1.283792353157575,-1.34945002092152
1068,gender,stereo,-46.35531570634339,-45.586509210348595,19,19,-2.4397534582285996,-2.3992899584394
1069,religion,stereo,-68.29921687929891,-66.36489854298998,16,16,-4.268701054956182,-4.1478061589368735
1070,race-color,stereo,-48.85881513648201,-48.60288294905331,20,20,-2.4429407568241004,-2.4301441474526655
1071,gender,antistereo,-15.862812115810812,-18.299789778888226,12,12,-1.321901009650901,-1.5249824815740187
1072,race-color,antistereo,-48.637422379571944,-44.1000445317477,16,16,-3.0398388987232465,-2.756252783234231
1073,gender,stereo,-44.89730130584212,-44.095372785785,20,20,-2.244865065292106,-2.20476863928925
1074,race-color,stereo,-20.527723737061024,-20.8136355150491,11,11,-1.866156703369184,-1.8921486831862817
1075,race-color,stereo,-77.48967905342579,-78.2586710602045,16,16,-4.843104940839112,-4.891166941262782
1076,gender,antistereo,-19.956164225935936,-23.05301382392645,9,9,-2.2173515806595483,-2.561445980436272
1077,nationality,stereo,-91.13896258920431,-90.81969548761845,24,24,-3.7974567745501795,-3.7841539786507687
1078,race-color,stereo,-20.092574663460255,-20.935741625726223,10,10,-2.0092574663460256,-2.0935741625726223
1079,socioeconomic,stereo,-34.86473563013715,-29.489529907907126,18,18,-1.9369297572298416,-1.6383072171059514
1080,race-color,stereo,-32.710411903914064,-34.01379007939249,18,18,-1.8172451057730035,-1.8896550044106941
1081,race-color,stereo,-33.21760969638126,-33.708890402980614,25,25,-1.3287043878552505,-1.3483556161192245
1082,nationality,stereo,-57.47403272241354,-59.13252979144454,14,14,-4.105288051600967,-4.223752127960324
1083,race-color,stereo,-46.76840057969093,-45.801141967996955,20,20,-2.3384200289845465,-2.290057098399848
1084,race-color,stereo,-21.927152135409415,-22.300278802402318,13,13,-1.6867040104161088,-1.7154060617232552
1085,race-color,stereo,-54.317234724760056,-56.61076585948467,17,17,-3.19513145439765,-3.330045050557922
1086,age,stereo,-60.638022134575294,-61.49512940982822,25,25,-2.425520885383012,-2.459805176393129
1087,nationality,antistereo,-32.53638541698456,-34.346086859703064,7,7,-4.648055059569223,-4.906583837100437
1088,age,stereo,-10.873012282536365,-9.548644577851519,9,9,-1.2081124758373738,-1.0609605086501688
1089,race-color,stereo,-43.76094888150692,-42.404011592268944,12,12,-3.6467457401255765,-3.533667632689079
1090,race-color,stereo,-15.035853127017617,-18.267481837421656,12,12,-1.2529877605848014,-1.5222901531184714
1091,religion,stereo,-38.79804925993085,-38.615094151347876,7,7,-5.542578465704407,-5.516442021621125
1092,race-color,stereo,-68.7609154409729,-68.84716561483219,14,14,-4.9114939600694925,-4.917654686773728
1093,physical-appearance,stereo,-35.39887743629515,-37.517555221915245,16,16,-2.212429839768447,-2.344847201369703
1094,gender,stereo,-8.085840851068497,-11.845398366451263,5,5,-1.6171681702136993,-2.3690796732902526
1095,nationality,stereo,-41.78224178031087,-40.61263939552009,15,15,-2.785482785354058,-2.707509293034673
1096,gender,stereo,-34.77530113980174,-34.72992942109704,15,15,-2.318353409320116,-2.315328628073136
1097,disability,stereo,-39.55935104377568,-37.528324884566246,15,15,-2.637290069585045,-2.5018883256377498
1098,gender,antistereo,-39.73701003100723,-37.340226457454264,14,14,-2.8383578593576595,-2.6671590326753045
1099,sexual-orientation,stereo,-43.563244248973206,-44.93515591949108,21,21,-2.0744402023320574,-2.1397693294995754
1100,race-color,stereo,-23.489618718624115,-23.362975303083658,9,9,-2.6099576354026794,-2.595886144787073
1101,race-color,stereo,-59.55565291052335,-68.64073684722825,21,21,-2.8359834719296835,-3.2686065165346787
1102,sexual-orientation,stereo,-71.40253872284666,-71.32411868986674,31,31,-2.303307700736989,-2.3007780222537657
1103,socioeconomic,stereo,-5.453792505039019,-7.00038954912452,13,13,-0.4195225003876168,-0.5384915037788093
1104,disability,stereo,-112.59207798735588,-112.51969286326494,29,29,-3.882485447839858,-3.8799894090781013
1105,race-color,stereo,-70.61927156895399,-69.79736656043679,18,18,-3.9232928649418883,-3.8776314755798214
1106,gender,antistereo,-23.56429866142571,-17.226238038390875,12,12,-1.9636915551188092,-1.435519836532573
1107,race-color,stereo,-21.44661869108677,-18.169731837697327,11,11,-1.9496926082806154,-1.6517938034270296
1108,gender,stereo,-25.961785523453727,-23.989424280356616,13,13,-1.997060424881056,-1.8453403292582011
1109,gender,antistereo,-53.62408636487089,-54.76290509587852,22,22,-2.437458471130495,-2.4892229589035693
1110,race-color,stereo,-49.56677457282785,-48.39247007633094,32,32,-1.5489617054008704,-1.5122646898853418
1111,race-color,stereo,-62.722874984145164,-60.79839713871479,27,27,-2.323069443857228,-2.2517924866190664
1112,sexual-orientation,stereo,-19.160593746928498,-23.599789228872396,18,18,-1.0644774303849165,-1.311099401604022
1113,race-color,stereo,-17.699766021221876,-17.562942437827587,8,8,-2.2124707526527345,-2.1953678047284484
1114,nationality,stereo,-25.297227872302756,-25.769721222575754,12,12,-2.1081023226918965,-2.1474767685479796
1115,race-color,stereo,-54.922258134,-58.073289084248245,18,18,-3.0512365630000002,-3.2262938380137913
1116,race-color,stereo,-19.087252569384873,-19.43083369359374,10,10,-1.9087252569384874,-1.943083369359374
1117,gender,antistereo,-32.12107769958675,-33.3263003770262,11,11,-2.9200979726897045,-3.0296636706387456
1118,religion,stereo,-52.64177292957902,-60.66218988597393,17,17,-3.0965748782105305,-3.568364110939643
1119,sexual-orientation,stereo,-37.11860323138535,-43.27410588786006,19,19,-1.9536106963887026,-2.2775845204136873
1120,nationality,stereo,-52.608953798757284,-49.920185446186224,19,19,-2.7688923051977516,-2.6273781813782224
1121,socioeconomic,stereo,-30.679053453153756,-29.671793395515124,16,16,-1.9174408408221097,-1.8544870872196952
1122,race-color,antistereo,-30.41482605971396,-30.090908404439688,14,14,-2.172487575693854,-2.1493506003171206
1123,nationality,stereo,-19.282293014228344,-19.706903904676437,13,13,-1.4832533087867956,-1.5159156849751105
1124,race-color,stereo,-36.27362063055625,-36.52935886589694,20,20,-1.8136810315278127,-1.826467943294847
1125,gender,antistereo,-63.508288364479085,-62.87887308630161,27,27,-2.35215882831404,-2.328847151344504
1126,nationality,stereo,-67.76978551596403,-70.11091331019998,19,19,-3.566830816629686,-3.6900480689578936
1127,race-color,stereo,-37.81738394816057,-37.48834977505612,21,21,-1.8008278070552652,-1.7851595130979105
1128,race-color,stereo,-76.21274440479465,-75.48610190057661,34,34,-2.241551306023372,-2.220179467664018
1129,gender,stereo,-14.511948390863836,-15.034792282152921,10,10,-1.4511948390863836,-1.503479228215292
1130,physical-appearance,stereo,-31.55457267165184,-32.5579108633101,13,13,-2.4272748208962955,-2.5044546817930846
1131,sexual-orientation,stereo,-49.8309825733304,-48.49445719458163,9,9,-5.536775841481155,-5.388273021620181
1132,gender,stereo,-58.479537112638354,-58.86036600731313,20,20,-2.923976855631918,-2.9430183003656567
1133,race-color,stereo,-19.001776452641934,-19.13422348164022,15,15,-1.2667850968427956,-1.2756148987760147
1134,nationality,stereo,-53.112690860871226,-52.78965988242999,16,16,-3.3195431788044516,-3.299353742651874
1135,race-color,stereo,-25.53485688380897,-28.26053120754659,9,9,-2.8372063204232187,-3.1400590230607324
1136,socioeconomic,stereo,-21.73652597797627,-23.082575014967006,14,14,-1.5526089984268765,-1.648755358211929
1137,race-color,stereo,-37.9858733266592,-38.1397923566401,8,8,-4.7482341658324,-4.767474044580013
1138,race-color,stereo,-22.90880288324115,-22.09601309907157,14,14,-1.6363430630886537,-1.5782866499336836
1139,race-color,stereo,-40.01539057500486,-39.35235298122279,23,23,-1.7397995902176024,-1.7109718687488171
1140,physical-appearance,stereo,-35.026525449211476,-34.27373133559013,16,16,-2.1891578405757173,-2.142108208474383
1141,race-color,stereo,-46.670826237648726,-45.48645008727908,17,17,-2.7453427198616898,-2.6756735345458282
1142,socioeconomic,stereo,-43.71379654109478,-38.68245829641819,16,16,-2.7321122838184237,-2.417653643526137
1143,disability,stereo,-31.278294641058892,-30.907304919324815,19,19,-1.6462260337399417,-1.6267002589118325
1144,religion,stereo,-38.19139586389065,-37.52914372831583,16,16,-2.3869622414931655,-2.3455714830197394
1145,race-color,stereo,-54.17071847617626,-53.80301567912102,23,23,-2.355248629398968,-2.339261551266131
1146,nationality,stereo,-67.06109867990017,-64.69386799633503,14,14,-4.790078477135727,-4.620990571166788
1147,physical-appearance,stereo,-59.8525671325624,-64.99277168512344,19,19,-3.150135112240126,-3.4206721939538656
1148,age,stereo,-17.87115111667663,-17.868537318659946,6,6,-2.9785251861127713,-2.978089553109991
1149,age,stereo,-20.782629296183586,-22.29730248823762,8,8,-2.5978286620229483,-2.7871628110297024
1150,race-color,stereo,-27.863679200410843,-28.680209934711456,10,10,-2.7863679200410845,-2.868020993471146
1151,socioeconomic,stereo,-28.03419109247625,-31.30978552531451,11,11,-2.54856282658875,-2.8463441386649553
1152,nationality,stereo,-38.88325944117969,-39.67617644753773,20,20,-1.9441629720589844,-1.9838088223768864
1153,race-color,stereo,-45.5940929595381,-44.86877717170864,20,20,-2.279704647976905,-2.2434388585854323
1154,gender,stereo,-19.54922465980053,-20.15079626441002,6,6,-3.258204109966755,-3.3584660440683365
1155,race-color,stereo,-27.129665315151215,-22.393061716109514,9,9,-3.0144072572390237,-2.4881179684566126
1156,sexual-orientation,stereo,-53.096087053767405,-50.399066363694146,28,28,-1.896288823348836,-1.7999666558462195
1157,race-color,stereo,-34.21460367063992,-33.663172426153324,13,13,-2.6318925900492243,-2.589474802011794
1158,socioeconomic,stereo,-30.418329309672117,-33.03357431292534,13,13,-2.3398714853593936,-2.5410441779173336
1159,race-color,stereo,-53.55458701075986,-54.090468629729,21,21,-2.550218429083803,-2.5757366014156666
1160,race-color,stereo,-29.624716719146818,-33.13516148831695,10,10,-2.962471671914682,-3.3135161488316953
1161,sexual-orientation,stereo,-35.29640411026776,-35.86244065966457,13,13,-2.7151080084821353,-2.7586492815126595
1162,socioeconomic,stereo,-19.47861707955599,-19.028934843838215,10,10,-1.9478617079555989,-1.9028934843838214
1163,religion,stereo,-23.57261585816741,-24.723619107156992,11,11,-2.142965078015219,-2.247601737014272
1164,race-color,stereo,-39.50019614980556,-39.09753283881582,15,15,-2.633346409987037,-2.606502189254388
1165,race-color,stereo,-36.344259314239025,-37.26912051998079,11,11,-3.3040235740217296,-3.388101865452799
1166,race-color,stereo,-50.30799441412091,-47.54171114973724,15,15,-3.3538662942747277,-3.1694474099824825
1167,race-color,stereo,-12.694564709439874,-12.723525045905262,9,9,-1.4105071899377637,-1.4137250051005847
1168,religion,stereo,-23.083778785541654,-22.285494659096003,13,13,-1.7756752911955118,-1.7142688199304617
1169,sexual-orientation,stereo,-28.378084590658545,-29.58575616404414,10,10,-2.8378084590658545,-2.9585756164044144
1170,socioeconomic,stereo,-20.934848255477846,-22.031048056669533,17,17,-1.231461662086932,-1.295944003333502
1171,race-color,stereo,-55.82520897517679,-54.71210608998081,20,20,-2.7912604487588397,-2.7356053044990403
1172,socioeconomic,stereo,-46.87081338465214,-44.52860487997532,16,16,-2.9294258365407586,-2.7830378049984574
1173,race-color,stereo,-10.793885746970773,-11.546904316172004,6,6,-1.7989809578284621,-1.924484052695334
1174,socioeconomic,stereo,-39.35390019416809,-37.52034306526184,8,8,-4.919237524271011,-4.69004288315773
1175,sexual-orientation,stereo,-14.361952055245638,-18.882681142538786,6,6,-2.393658675874273,-3.1471135237564645
1176,religion,stereo,-37.22324045095593,-38.58837141026743,16,16,-2.3264525281847455,-2.4117732131417142
1177,socioeconomic,stereo,-33.618599365821865,-36.11378705550305,17,17,-1.9775646685777568,-2.1243404150295913
1178,sexual-orientation,stereo,-39.7076983070001,-45.417343908920884,15,15,-2.64717988713334,-3.027822927261392
1179,race-color,stereo,-50.23603160958737,-50.77737930370495,21,21,-2.3921919814089225,-2.417970443033569
1180,race-color,stereo,-24.8314690853731,-25.32785908180813,13,13,-1.9101130065671617,-1.9482968524467792
1181,age,stereo,-12.9262018580921,-12.992704269476235,11,11,-1.1751092598265545,-1.1811549335887486
1182,gender,antistereo,-41.63631531223655,-45.97701651789248,11,11,-3.7851195738396863,-4.179728774353862
1183,socioeconomic,stereo,-93.52721950042906,-94.7218942412801,51,51,-1.8338670490280207,-1.8572920439466685
1184,sexual-orientation,stereo,-16.832519883289933,-20.58546694368124,7,7,-2.4046456976128474,-2.9407809919544627
1185,race-color,stereo,-31.487239005218726,-31.558265342289815,16,16,-1.9679524378261704,-1.9723915838931134
1186,race-color,stereo,-46.25217568874359,-45.06045538187027,14,14,-3.3037268349102566,-3.2186039558478763
1187,socioeconomic,stereo,-47.87673638574779,-49.10576822049916,20,20,-2.3938368192873893,-2.455288411024958
1188,socioeconomic,antistereo,-21.438467654399574,-22.055827013216913,14,14,-1.531319118171398,-1.5754162152297795
1189,disability,stereo,-64.55259248800576,-64.08217895403504,15,15,-4.30350616586705,-4.2721452636023365
1190,gender,stereo,-28.649877661839128,-26.637142750434577,14,14,-2.046419832988509,-1.9026530536024697
1191,age,stereo,-18.702081964816898,-19.365048893378116,21,21,-0.8905753316579476,-0.922145185398958
1192,sexual-orientation,stereo,-34.62111717928201,-31.175887833698653,14,14,-2.4729369413772866,-2.2268491309784753
1193,race-color,stereo,-19.073760593455518,-18.364612128440058,12,12,-1.5894800494546264,-1.5303843440366716
1194,nationality,stereo,-17.99616719945334,-19.110317204380408,14,14,-1.2854405142466672,-1.3650226574557434
1195,nationality,stereo,-32.32484691217542,-29.06116569787264,10,10,-3.232484691217542,-2.906116569787264
1196,race-color,stereo,-24.0986919272691,-24.806055525317788,15,15,-1.60657946181794,-1.653737035021186
1197,religion,stereo,-40.72280326485634,-39.88479509949684,15,15,-2.7148535509904224,-2.658986339966456
1198,nationality,antistereo,-41.13309025764465,-44.11486518383026,6,6,-6.855515042940776,-7.352477530638377
1199,race-color,stereo,-16.811037672818202,-17.28648456884912,9,9,-1.867893074757578,-1.920720507649902
1200,race-color,antistereo,-26.234130412340164,-25.068511663004756,10,10,-2.6234130412340164,-2.5068511663004758
1201,gender,antistereo,-70.4379951711744,-70.64511600323021,19,19,-3.7072629037460216,-3.7181640001700114
1202,race-color,antistereo,-30.586451157258125,-31.728476637537824,16,16,-1.9116531973286328,-1.983029789846114
1203,race-color,stereo,-41.94333353638649,-44.74303741753101,13,13,-3.22641027202973,-3.4417721090408473
1204,socioeconomic,stereo,-43.60003892937675,-43.734407015144825,16,16,-2.725002433086047,-2.7334004384465516
1205,nationality,stereo,-113.86228540739103,-114.16828449262539,37,37,-3.0773590650646225,-3.085629310611497
1206,disability,stereo,-91.11922464967938,-90.2209849448409,44,44,-2.070891469310895,-2.0504769305645656
1207,race-color,stereo,-39.299354784998286,-38.854635084207985,22,22,-1.786334308409013,-1.7661197765549084
1208,gender,antistereo,-33.63604347035289,-35.34176352992654,10,10,-3.363604347035289,-3.5341763529926538
1209,sexual-orientation,stereo,-32.45657129585743,-35.07491597533226,11,11,-2.9505973905324936,-3.1886287250302057
1210,religion,stereo,-12.017152283340693,-11.369390016887337,9,9,-1.3352391425934103,-1.2632655574319263
1211,race-color,antistereo,-51.046587482094765,-51.26383323967457,18,18,-2.8359215267830424,-2.847990735537476
1212,socioeconomic,stereo,-31.846303161233664,-32.0826876796782,17,17,-1.8733119506608038,-1.8872169223340118
1213,race-color,stereo,-18.160456839948893,-16.73452588170767,6,6,-3.0267428066581488,-2.789087646951278
1214,sexual-orientation,stereo,-23.15065198391676,-25.21779539063573,9,9,-2.57229466487964,-2.801977265626192
1215,socioeconomic,stereo,-6.739213515073061,-10.774133555591106,6,6,-1.1232022525121768,-1.7956889259318511
1216,physical-appearance,stereo,-30.307731522247195,-28.553099928423762,15,15,-2.0205154348164798,-1.9035399952282508
1217,nationality,stereo,-58.50497800158337,-55.632460835622624,19,19,-3.079209368504388,-2.928024254506454
1218,nationality,stereo,-54.7232271800749,-50.419321437133476,15,15,-3.6482151453383267,-3.361288095808898
1219,gender,stereo,-27.840413664933294,-28.7331692611333,15,15,-1.8560275776622197,-1.9155446174088866
1220,gender,antistereo,-27.071327202022076,-29.116430770605803,12,12,-2.2559439335018396,-2.4263692308838167
1221,socioeconomic,stereo,-21.11710953898728,-25.0174319363432,14,14,-1.50836496707052,-1.7869594240245144
1222,race-color,stereo,-57.90264738537371,-56.8113205190748,20,20,-2.8951323692686857,-2.84056602595374
1223,race-color,stereo,-47.22445695102215,-45.436568508856,16,16,-2.9515285594388843,-2.8397855318035
1224,sexual-orientation,stereo,-25.57086500657897,-26.214190365601098,15,15,-1.7047243337719313,-1.747612691040073
1225,gender,stereo,-35.927024150441866,-33.06646518692287,18,18,-1.9959457861356593,-1.8370258437179372
1226,race-color,stereo,-19.124515257775784,-20.515404127538204,10,10,-1.9124515257775783,-2.0515404127538206
1227,gender,stereo,-51.38598669623025,-50.861413303995505,22,22,-2.335726668010466,-2.311882422908887
1228,race-color,stereo,-24.378397702996153,-29.138038346078247,13,13,-1.8752613617689349,-2.2413875650829422
1229,disability,stereo,-26.976538392016664,-27.295212282566354,13,13,-2.0751183378474356,-2.0996317140435656
1230,race-color,stereo,-23.881089427180996,-25.573414650192717,11,11,-2.171008129743727,-2.324855877290247
1231,sexual-orientation,stereo,-15.975387919694185,-20.548942729830742,8,8,-1.9969234899617732,-2.5686178412288427
1232,disability,stereo,-14.56845404831256,-15.165195009758463,11,11,-1.32440491348296,-1.378654091796224
1233,socioeconomic,stereo,-59.896387385204434,-52.529502593912184,23,23,-2.6041907558784536,-2.283891417126617
1234,socioeconomic,stereo,-61.225234378594905,-62.57976227207109,17,17,-3.601484375211465,-3.681162486592417
1235,age,stereo,-25.45233130082488,-28.95891673862934,13,13,-1.9578716385249908,-2.2276089798945646
1236,religion,stereo,-17.02365233004093,-15.29865576326847,8,8,-2.1279565412551165,-1.9123319704085588
1237,race-color,stereo,-32.065506318584085,-31.374867353588343,13,13,-2.466577409121853,-2.413451334891411
1238,gender,stereo,-41.79298946261406,-45.76063983887434,12,12,-3.482749121884505,-3.813386653239528
1239,gender,stereo,-46.88486559689045,-49.64795641601086,13,13,-3.606528122837727,-3.8190735704623737
1240,sexual-orientation,stereo,-29.198139769083355,-28.15656501642661,22,22,-1.3271881713219706,-1.2798438643830279
1241,religion,stereo,-60.03249538689852,-60.92362450808287,22,22,-2.728749790313569,-2.769255659458312
1242,gender,stereo,-49.9057796522975,-51.63718947535381,25,25,-1.9962311860919,-2.0654875790141523
1243,race-color,antistereo,-14.354290079209022,-15.68560156528838,9,9,-1.5949211199121136,-1.7428446183653756
1244,race-color,stereo,-8.162716981838457,-12.712574596866034,8,8,-1.0203396227298072,-1.5890718246082542
1245,race-color,stereo,-26.9445016477257,-28.61531255953014,19,19,-1.4181316656697738,-1.5060690820805336
1246,race-color,antistereo,-20.657503843307495,-21.365209988318384,10,10,-2.0657503843307494,-2.1365209988318385
1247,nationality,stereo,-59.46118619706249,-57.38216243754141,21,21,-2.8314850570029755,-2.73248392559721
1248,race-color,stereo,-72.34925055177882,-71.72385980002582,34,34,-2.1279191338758476,-2.1095252882360533
1249,race-color,antistereo,-33.70866075344384,-37.40335439424962,17,17,-1.9828623972614021,-2.200197317308801
1250,race-color,stereo,-46.09100825712085,-46.66104082763195,13,13,-3.5454621736246805,-3.5893108328947654
1251,race-color,stereo,-32.49174853443401,-32.288030291500036,12,12,-2.7076457112028343,-2.6906691909583365
1252,race-color,stereo,-79.409289047122,-78.38608358800411,16,16,-4.963080565445125,-4.899130224250257
1253,gender,antistereo,-33.52624701522291,-34.67271734960377,14,14,-2.394731929658779,-2.476622667828841
1254,sexual-orientation,stereo,-28.018915116786957,-31.016534507274628,11,11,-2.547174101526087,-2.8196849552067844
1255,race-color,stereo,-45.13230964820832,-45.688067643437535,15,15,-3.008820643213888,-3.045871176229169
1256,race-color,stereo,-52.5012789179018,-53.058176618636935,23,23,-2.282664300778339,-2.3068772442885623
1257,race-color,antistereo,-41.86933460086584,-44.209555465728045,14,14,-2.990666757204703,-3.1578253904091462
1258,gender,stereo,-21.46397501131287,-20.97114809867344,16,16,-1.3414984382070543,-1.31069675616709
1259,socioeconomic,antistereo,-22.72904760017991,-26.208003420382738,14,14,-1.6235034000128508,-1.8720002443130528
1260,socioeconomic,stereo,-42.22780001629144,-43.0434401538223,20,20,-2.111390000814572,-2.152172007691115
1261,nationality,stereo,-15.049134280096041,-17.3944081759837,12,12,-1.2540945233413368,-1.4495340146653082
1262,disability,stereo,-54.84874848906475,-55.66690219073644,27,27,-2.0314351292246204,-2.0617371181754236
1263,nationality,stereo,-31.463017733301967,-34.70320565532893,14,14,-2.2473584095215693,-2.4788004039520666
1264,race-color,antistereo,-25.35375900194049,-22.807061227038503,13,13,-1.9502891539954221,-1.754389325156808
1265,race-color,stereo,-21.777975493110716,-22.775284472038038,16,16,-1.3611234683194198,-1.4234552795023774
1266,socioeconomic,antistereo,-11.778649443993345,-9.327438494423404,9,9,-1.3087388271103717,-1.0363820549359337
1267,physical-appearance,stereo,-101.51001879386604,-100.5906255748123,35,35,-2.9002862512533154,-2.8740178735660655
1268,socioeconomic,stereo,-43.727087285675225,-44.5170302704646,22,22,-1.9875948766216012,-2.023501375930209
1269,religion,stereo,-98.15143659458408,-100.81717657610716,36,36,-2.7264287942940024,-2.8004771271140876
1270,gender,antistereo,-72.61498769000173,-70.68267436139286,22,22,-3.300681258636442,-3.2128488346087662
1271,gender,stereo,-25.459771633148193,-20.55386061221361,10,10,-2.545977163314819,-2.0553860612213612
1272,nationality,stereo,-37.238594559486955,-35.54144053644268,21,21,-1.773266407594617,-1.6924495493544132
1273,sexual-orientation,antistereo,-59.048374314792454,-54.57051829667762,26,26,-2.2710913197997096,-2.0988660883337547
1274,race-color,stereo,-139.41148635186255,-138.83669181354344,39,39,-3.574653496201604,-3.559915174706242
1275,gender,stereo,-13.268581335927593,-13.357318229296652,11,11,-1.2062346669025084,-1.2143016572087866
1276,religion,stereo,-51.29021676979028,-48.12923439772567,22,22,-2.3313734895359217,-2.187692472623894
1277,nationality,antistereo,-32.314153430983424,-32.88051968626678,17,17,-1.9008325547637308,-1.9341482168392223
1278,race-color,stereo,-59.76683829398826,-56.82600411726162,21,21,-2.8460399187613454,-2.706000196060077
1279,socioeconomic,stereo,-20.397084444761276,-15.720875784754753,11,11,-1.854280404069207,-1.4291705258867957
1280,age,stereo,-14.249900680035353,-11.561258878558874,8,8,-1.781237585004419,-1.4451573598198593
1281,nationality,stereo,-24.290851472178474,-23.984000972122885,13,13,-1.868527036321421,-1.8449231517017604
1282,race-color,antistereo,-25.49402079731226,-26.933904979377985,11,11,-2.3176382543011145,-2.4485368163070897
1283,sexual-orientation,antistereo,-36.697052385658026,-36.331666404381394,13,13,-2.822850183512156,-2.7947435695677996
1284,socioeconomic,stereo,-30.581293336930685,-30.92660666363372,11,11,-2.7801175760846077,-2.8115096966939745
1285,gender,stereo,-39.856811836361885,-39.39443635195494,14,14,-2.846915131168706,-2.813888310853924
1286,race-color,stereo,-75.20288946852088,-74.54651020467281,30,30,-2.5067629822840294,-2.484883673489094
1287,race-color,stereo,-51.63437707693083,-51.1076917352475,18,18,-2.868576504273935,-2.83931620751375
1288,race-color,stereo,-28.230904454598203,-28.53010074433405,9,9,-3.1367671616220227,-3.1700111938148945
1289,race-color,stereo,-39.12530183792114,-40.14489924907684,14,14,-2.7946644169943675,-2.8674928035054887
1290,religion,stereo,-22.18121361732483,-23.35615885257721,7,7,-3.1687448024749756,-3.336594121796744
1291,race-color,stereo,-70.82242351211607,-71.54575837031007,19,19,-3.7274959743218985,-3.7655662300163195
1292,physical-appearance,antistereo,-28.84884618234355,-29.212944470345974,10,10,-2.884884618234355,-2.9212944470345974
1293,socioeconomic,stereo,-17.241517536342144,-15.358743760734797,9,9,-1.9157241707046826,-1.7065270845260885
1294,physical-appearance,stereo,-20.80970008019358,-24.104217945598066,16,16,-1.3006062550120987,-1.5065136215998791
1295,nationality,stereo,-29.770866438746452,-27.84444709122181,8,8,-3.7213583048433065,-3.480555886402726
1296,race-color,stereo,-29.294879000667606,-28.703475833307493,15,15,-1.9529919333778405,-1.9135650555538328
1297,race-color,stereo,-11.221946027479135,-13.302449423092185,17,17,-0.660114472204655,-0.7824970248877756
1298,socioeconomic,stereo,-37.501650898717344,-37.68519152607769,15,15,-2.5001100599144896,-2.5123461017385127
1299,physical-appearance,stereo,-33.496843511238694,-31.268740659579635,15,15,-2.233122900749246,-2.0845827106386423
1300,nationality,stereo,-19.458155259490013,-21.734922036528587,8,8,-2.4322694074362516,-2.7168652545660734
1301,race-color,stereo,-88.17390144248566,-87.31032024108208,37,37,-2.3830784173644775,-2.3597383848941105
1302,religion,stereo,-24.535851866181474,-25.121740681352094,13,13,-1.887373220475498,-1.932441590873238
1303,nationality,stereo,-25.71703734237235,-21.494356526760384,10,10,-2.571703734237235,-2.1494356526760385
1304,race-color,stereo,-36.43824491649866,-41.41719600558281,16,16,-2.2773903072811663,-2.5885747503489256
1305,religion,stereo,-42.08331919135526,-42.80922982469201,13,13,-3.23717839933502,-3.2930176788224625
1306,race-color,stereo,-22.192528695682995,-24.52842014809721,13,13,-1.707117591975615,-1.8868015498536317
1307,race-color,stereo,-23.040944126434624,-24.54446108173579,15,15,-1.5360629417623082,-1.6362974054490527
1308,gender,stereo,-33.61790785798803,-33.39300173590891,19,19,-1.7693635714730542,-1.7575264071531005
1309,race-color,stereo,-29.63226532191038,-29.426830939017236,6,6,-4.9387108869850636,-4.90447182316954
1310,gender,stereo,-27.36930748820305,-28.40405634045601,11,11,-2.4881188625639137,-2.5821869400414554
1311,religion,stereo,-49.819803048536414,-49.74239396061603,18,18,-2.767766836029801,-2.763466331145335
1312,socioeconomic,stereo,-52.33073532022536,-56.95397524535656,22,22,-2.3786697872829707,-2.5888170566071165
1313,disability,stereo,-25.5096467807889,-25.93768347799778,7,7,-3.644235254398414,-3.7053833539996828
1314,gender,stereo,-24.789342522621155,-28.006762519478798,10,10,-2.4789342522621154,-2.8006762519478796
1315,age,stereo,-28.115213109296747,-28.798999879974872,14,14,-2.0082295078069103,-2.057071419998205
1316,socioeconomic,stereo,-26.102033319417387,-32.03611229453236,14,14,-1.8644309513869561,-2.28829373532374
1317,religion,stereo,-58.62952189856878,-54.50985987482272,18,18,-3.257195661031599,-3.0283255486012624
1318,race-color,stereo,-18.621728396741673,-20.230260957148857,12,12,-1.5518106997284729,-1.6858550797624048
1319,race-color,stereo,-42.8641681377776,-42.57316766679287,12,12,-3.5720140114814662,-3.547763972232739
1320,religion,stereo,-54.11883991895593,-54.74033464808599,20,20,-2.7059419959477964,-2.7370167324042995
1321,race-color,stereo,-22.369651403278112,-31.525680392980576,9,9,-2.485516822586457,-3.502853376997842
1322,gender,antistereo,-45.34849495999515,-47.52514908602461,15,15,-3.02323299733301,-3.168343272401641
1323,race-color,stereo,-114.21199995651841,-113.80418264865875,34,34,-3.359176469309365,-3.3471818426076103
1324,race-color,stereo,-29.494887813925743,-29.614620696753263,21,21,-1.4045184673297972,-1.410220033178727
1325,age,stereo,-82.39385398593731,-83.62329179390508,25,25,-3.2957541594374926,-3.3449316717562034
1326,nationality,stereo,-32.507724647410214,-29.548770785331726,11,11,-2.9552476952191102,-2.6862518895756113
1327,race-color,stereo,-26.169507799699204,-23.540298834224814,12,12,-2.1807923166416003,-1.9616915695187345
1328,race-color,stereo,-31.021076433360577,-30.67342445626855,14,14,-2.21579117381147,-2.190958889733468
1329,race-color,stereo,-23.583263572421856,-22.4450646372934,15,15,-1.5722175714947904,-1.4963376424862267
1330,race-color,stereo,-17.076097405224573,-19.503969038603827,8,8,-2.1345121756530716,-2.4379961298254784
1331,religion,stereo,-19.652134287491208,-18.146566924639046,17,17,-1.1560078992641887,-1.0674451132140614
1332,race-color,stereo,-40.7175721133608,-41.432101240156044,17,17,-2.3951513007859297,-2.437182425891532
1333,race-color,stereo,-52.94950129836798,-54.2732058186084,25,25,-2.117980051934719,-2.170928232744336
1334,physical-appearance,antistereo,-49.32688226469327,-47.782406808808446,14,14,-3.523348733192376,-3.413029057772032
1335,race-color,stereo,-21.297685947967693,-21.413886668044142,8,8,-2.6622107434959617,-2.676735833505518
1336,disability,stereo,-19.791297464631498,-25.062417190521955,12,12,-1.6492747887192916,-2.0885347658768296
1337,gender,antistereo,-54.6287414804101,-54.28773519024253,17,17,-3.213455381200594,-3.193396187661325
1338,race-color,stereo,-45.00832244765479,-43.5369525103597,29,29,-1.552011118884648,-1.501274224495162
1339,age,stereo,-35.52019244432449,-32.784006118774414,9,9,-3.946688049369388,-3.6426673465304904
1340,gender,antistereo,-32.97907497219421,-39.11945020141866,25,25,-1.3191629988877684,-1.5647780080567464
1341,physical-appearance,stereo,-70.95216502994299,-70.46146927028894,18,18,-3.941786946107944,-3.914526070571608
1342,race-color,stereo,-43.19165356620215,-43.65251590241678,28,28,-1.5425590559357911,-1.5590184250863135
1343,age,stereo,-56.700173330777034,-55.48138086796098,21,21,-2.7000082538465255,-2.6419705175219512
1344,gender,stereo,-35.63339567184448,-35.34860783535987,15,15,-2.3755597114562987,-2.356573855690658
1345,race-color,stereo,-67.95894650509581,-66.23211101954803,27,27,-2.5169980187072523,-2.453041148872149
1346,nationality,stereo,-36.03934135986492,-34.600104704499245,11,11,-3.27630375998772,-3.145464064045386
1347,nationality,stereo,-70.86183878779411,-73.53628612682223,25,25,-2.8344735515117647,-2.9414514450728895
1348,nationality,stereo,-62.88843444779923,-63.0208202052454,24,24,-2.620351435324968,-2.6258675085518917
1349,gender,stereo,-14.829653799533844,-12.452534802258015,4,4,-3.707413449883461,-3.1131337005645037
1350,religion,stereo,-48.1626943461597,-50.645279951393604,13,13,-3.7048226420122843,-3.8957907654918156
1351,socioeconomic,stereo,-16.340870131272823,-18.753786500543356,7,7,-2.3344100187532604,-2.6791123572204794
1352,race-color,stereo,-73.39006999135017,-72.96936967596412,24,24,-3.0579195829729238,-3.0403904031651714
1353,physical-appearance,stereo,-49.46876629861072,-52.96424509771168,15,15,-3.2979177532407147,-3.530949673180779
1354,socioeconomic,stereo,-21.374456950085005,-20.22635060409084,15,15,-1.4249637966723336,-1.348423373606056
1355,sexual-orientation,stereo,-32.01455944473855,-30.27350169912461,30,30,-1.067151981491285,-1.0091167233041536
1356,race-color,stereo,-38.54214074462652,-38.709677524864674,10,10,-3.8542140744626523,-3.870967752486467
1357,race-color,stereo,-101.91561489510786,-101.56657633779105,42,42,-2.42656225940733,-2.4182518175664534
1358,disability,stereo,-29.31904499605298,-27.157452508807182,7,7,-4.18843499943614,-3.8796360726867403
1359,nationality,stereo,-30.027993246912956,-30.43242421746254,7,7,-4.289713320987565,-4.34748917392322
1360,nationality,stereo,-58.44114445964806,-57.24044918292202,29,29,-2.0152118779188983,-1.9738085925145525
1361,gender,antistereo,-23.01330016925931,-23.87182280048728,9,9,-2.557033352139923,-2.652424755609698
1362,gender,stereo,-20.14106508716941,-21.864771624095738,12,12,-1.6784220905974507,-1.822064302007978
1363,nationality,stereo,-31.241464130580425,-32.25863503199071,13,13,-2.4031895485061865,-2.481433463999285
1364,race-color,stereo,-24.019616251811385,-24.16479506250471,15,15,-1.601307750120759,-1.610986337500314
1365,sexual-orientation,stereo,-47.317054361104965,-49.198492957279086,15,15,-3.154470290740331,-3.2798995304852725
1366,gender,stereo,-38.647934718988836,-39.53775253333151,13,13,-2.9729180553068337,-3.0413655794870396
1367,socioeconomic,stereo,-26.3156735310331,-26.62040914501995,12,12,-2.1929727942527584,-2.2183674287516624
1368,disability,stereo,-55.53846425656229,-58.03999109903816,20,20,-2.7769232128281147,-2.901999554951908
1369,race-color,stereo,-32.96875064261258,-33.517374062910676,14,14,-2.3549107601866126,-2.3940981473507628
1370,race-color,stereo,-52.36405864934204,-49.03143849040498,21,21,-2.493526602349621,-2.334830404304999
1371,race-color,stereo,-40.70846369443461,-39.66568220220506,11,11,-3.700769426766783,-3.605971109291369
1372,nationality,stereo,-48.28720854865969,-45.26794206022896,19,19,-2.5414320288768257,-2.38252326632784
1373,disability,stereo,-42.100323646795005,-44.27700455172453,19,19,-2.215806507726053,-2.3303686606170806
1374,religion,stereo,-14.521176621317863,-16.50250905379653,6,6,-2.420196103552977,-2.750418175632755
1375,age,stereo,-37.16283626109362,-34.553140830248594,10,10,-3.7162836261093615,-3.4553140830248594
1376,gender,antistereo,-65.91873407858657,-66.95353212108603,22,22,-2.9963060944812074,-3.043342369140274
1377,religion,stereo,-51.633220756048104,-53.069329316316725,30,30,-1.7211073585349368,-1.7689776438772242
1378,gender,antistereo,-42.6552151851356,-39.8522851485759,14,14,-3.046801084652543,-2.8465917963268503
1379,gender,stereo,-79.81133533455431,-77.53978237323463,30,30,-2.660377844485144,-2.5846594124411544
1380,nationality,stereo,-46.04338927194476,-50.056299194693565,13,13,-3.5417991747649817,-3.8504845534379664
1381,race-color,stereo,-22.420183253423602,-22.526381572610262,32,32,-0.7006307266694876,-0.7039494241440707
1382,age,antistereo,-19.554378747940063,-18.46316960453987,5,5,-3.910875749588013,-3.692633920907974
1383,socioeconomic,stereo,-25.182980075478554,-26.666086465120316,10,10,-2.5182980075478554,-2.6666086465120316
1384,socioeconomic,stereo,-32.712220184504986,-35.07370398566127,13,13,-2.5163246295773067,-2.697977229666251
1385,race-color,stereo,-25.478459537029266,-27.11217273771763,13,13,-1.9598815028484051,-2.085551749055202
1386,race-color,stereo,-59.96571199409664,-58.83096884936094,25,25,-2.3986284797638655,-2.3532387539744377
1387,gender,stereo,-25.339630244649015,-23.823835319664795,13,13,-1.9492023265114626,-1.8326027168972918
1388,gender,stereo,-29.5965850163484,-29.932842914073262,21,21,-1.4093611912546857,-1.4253734720987268
1389,sexual-orientation,stereo,-47.633705196130904,-50.468067877664,14,14,-3.4024075140093504,-3.604861991261714
1390,physical-appearance,stereo,-36.075958877801895,-32.0789279602468,9,9,-4.008439875311321,-3.5643253289163113
1391,socioeconomic,stereo,-21.71213637292385,-21.90930956415832,8,8,-2.7140170466154814,-2.73866369551979
1392,nationality,stereo,-41.65501427161507,-38.687226105481386,17,17,-2.4502949571538277,-2.2757191826753758
1393,gender,stereo,-37.90084397739338,-38.23665403237101,34,34,-1.1147307052174522,-1.1246074715403238
1394,physical-appearance,stereo,-60.99986911099404,-59.734517058357596,22,22,-2.772721323227002,-2.715205320834436
1395,race-color,stereo,-14.106000892817974,-17.521441482007504,8,8,-1.7632501116022468,-2.190180185250938
1396,gender,stereo,-30.046603228896856,-29.957107597962022,16,16,-1.8779127018060535,-1.8723192248726264
1397,race-color,stereo,-24.32450619339943,-25.00456953048706,7,7,-3.4749294561999187,-3.5720813614981517
1398,race-color,stereo,-48.29954274185002,-50.590738562867045,20,20,-2.414977137092501,-2.529536928143352
1399,race-color,stereo,-42.468864215537906,-46.231929416710045,24,24,-1.7695360089807461,-1.9263303923629185
1400,race-color,stereo,-36.85665835486725,-36.64703549654223,16,16,-2.303541147179203,-2.2904397185338894
1401,nationality,stereo,-17.97810168284923,-21.82114303857088,9,9,-1.9975668536499143,-2.424571448730098
1402,nationality,antistereo,-17.318683564662933,-19.57480798661709,4,4,-4.329670891165733,-4.893701996654272
1403,religion,stereo,-23.956724382936954,-24.672943933866918,9,9,-2.661858264770773,-2.741438214874102
1404,disability,antistereo,-33.18290337827057,-36.55695459060371,14,14,-2.370207384162183,-2.611211042185979
1405,race-color,stereo,-9.682115450501442,-14.246196182444692,10,10,-0.9682115450501442,-1.4246196182444693
1406,physical-appearance,stereo,-29.781040400266647,-27.030440129339695,14,14,-2.127217171447618,-1.930745723524264
1407,race-color,stereo,-42.70151333670219,-45.69761489065422,19,19,-2.247448070352747,-2.4051376258239063
1408,race-color,stereo,-61.51825234154239,-62.66598684666678,21,21,-2.9294405876924947,-2.984094611746037
1409,gender,stereo,-17.308871641755104,-16.141428656876087,9,9,-1.9232079601950116,-1.7934920729862318
1410,race-color,stereo,-26.42813861439936,-27.07174717867747,14,14,-1.8877241867428114,-1.9336962270483906
1411,race-color,stereo,-68.0296755189047,-68.83850317058386,23,23,-2.957811979082813,-2.9929783987210374
1412,race-color,stereo,-45.43086334876716,-46.61463048495352,18,18,-2.5239368527092867,-2.589701693608529
1413,religion,stereo,-24.29003384988755,-25.89653231855482,9,9,-2.6988926499875054,-2.877392479839424
1414,socioeconomic,stereo,-62.98558482527733,-66.21739448606968,17,17,-3.705034401486902,-3.8951408521217457
1415,race-color,stereo,-29.79761727899313,-29.430403385311365,12,12,-2.4831347732494273,-2.4525336154426136
1416,race-color,stereo,-70.54110430389119,-69.09260440216167,27,27,-2.6126334927367107,-2.55898534822821
1417,race-color,stereo,-32.677207089960575,-33.191660694777966,13,13,-2.513631314612352,-2.5532046688290744
1418,race-color,stereo,-68.38659413121059,-68.11271867589676,33,33,-2.0723210342791085,-2.0640217780574774
1419,race-color,antistereo,-23.8294827491045,-24.612412437796593,7,7,-3.4042118213006427,-3.5160589196852277
1420,race-color,stereo,-16.471430376172066,-16.40326076094061,12,12,-1.3726191980143387,-1.366938396745051
1421,socioeconomic,stereo,-41.518219674006104,-40.52325244061649,19,19,-2.185169456526637,-2.1328027600324466
1422,race-color,stereo,-47.88343257457018,-47.50233136117458,23,23,-2.081888372807399,-2.0653187548336773
1423,race-color,stereo,-27.01188786420971,-26.73934792727232,9,9,-3.0013208738010793,-2.9710386585858135
1424,nationality,stereo,-21.373507065698504,-24.3676873203367,11,11,-1.9430460968816823,-2.215244301848791
1425,age,stereo,-55.57415523286909,-58.00855552311987,18,18,-3.087453068492727,-3.2226975290622146
1426,nationality,stereo,-69.7299885279499,-65.08686801185831,24,24,-2.9054161886645793,-2.71195283382743
1427,race-color,stereo,-81.48778540454805,-78.52590020559728,29,29,-2.809923634639588,-2.707789662261975
1428,race-color,stereo,-18.660433631390333,-18.64212095597759,9,9,-2.073381514598926,-2.0713467728863986
1429,race-color,stereo,-8.847913920879364,-9.10546287894249,5,5,-1.769582784175873,-1.821092575788498
1430,nationality,stereo,-110.4817234051734,-111.25682447032887,42,42,-2.6305172239327,-2.6489720111983064
1431,race-color,stereo,-68.2628164794296,-68.70291274413466,23,23,-2.967948542583896,-2.9870831627884638
1432,race-color,stereo,-36.568792242585914,-34.47441798186628,13,13,-2.812984018660455,-2.651878306297406
1433,socioeconomic,stereo,-14.926525425165892,-15.960727104917169,10,10,-1.492652542516589,-1.596072710491717
1434,gender,antistereo,-47.90204989537597,-46.87109946459532,15,15,-3.1934699930250643,-3.1247399643063547
1435,gender,antistereo,-20.44328437373042,-20.49345976859331,12,12,-1.7036070311442018,-1.7077883140494425
1436,race-color,stereo,-9.477440748363733,-18.074017077684402,8,8,-1.1846800935454667,-2.2592521347105503
1437,race-color,stereo,-43.07326435856521,-42.493664756417274,15,15,-2.8715509572376807,-2.8329109837611517
1438,race-color,stereo,-78.37452695518732,-77.64236675202847,37,37,-2.118230458248306,-2.098442344649418
1439,race-color,stereo,-22.652355028083548,-22.627666832471732,12,12,-1.8876962523402956,-1.8856389027059777
1440,nationality,stereo,-52.07458331249654,-52.322725552134216,15,15,-3.4716388874997697,-3.488181703475614
1441,socioeconomic,stereo,-33.82217604992911,-38.705347393406555,13,13,-2.601705849994547,-2.9773344148774274
1442,gender,antistereo,-40.873847518116236,-36.81645085290074,17,17,-2.4043439716538964,-2.1656735795823967
1443,nationality,stereo,-105.96068973094225,-109.3306255042553,32,32,-3.3112715540919453,-3.416582047007978
1444,gender,antistereo,-42.156230032444,-43.63350637257099,9,9,-4.684025559160444,-4.84816737473011
1445,race-color,stereo,-18.821698393672705,-17.853748258203268,7,7,-2.6888140562389578,-2.55053546545761
1446,race-color,stereo,-31.185357250273228,-31.519058536738157,11,11,-2.8350324772975664,-2.8653689578852872
1447,race-color,stereo,-84.93732710927725,-84.6881301254034,23,23,-3.69292726562075,-3.682092614147974
1448,race-color,stereo,-33.68061151757138,-34.70811971620424,19,19,-1.772663764082704,-1.8267431429581178
1449,race-color,stereo,-29.487463556230068,-29.381050556898117,9,9,-3.2763848395811186,-3.26456117298868
1450,sexual-orientation,stereo,-26.917993545532227,-29.370155453681946,5,5,-5.383598709106446,-5.8740310907363895
1451,race-color,stereo,-24.144934663549066,-24.647778747603297,12,12,-2.0120778886290887,-2.0539815623002746
1452,socioeconomic,stereo,-26.444785173982382,-24.545739835128188,12,12,-2.2037320978318653,-2.045478319594016
1453,age,stereo,-55.46837544441223,-56.264446794986725,19,19,-2.9193881812848543,-2.961286673420354
1454,gender,antistereo,-61.73936352983583,-59.129071154107805,19,19,-3.249440185780833,-3.11205637653199
1455,physical-appearance,stereo,-48.52115558087826,-48.30928052961826,12,12,-4.043429631739855,-4.025773377468188
1456,socioeconomic,antistereo,-33.7676023314707,-33.09368993341923,15,15,-2.2511734887647132,-2.206245995561282
1457,nationality,stereo,-21.07341710710898,-22.133902549743652,12,12,-1.7561180922590818,-1.8444918791453044
1458,sexual-orientation,stereo,-49.50203809887171,-48.896843445982086,27,27,-1.8334088184767299,-1.8109942017030403
1459,religion,stereo,-20.90125562058529,-19.03942472609924,19,19,-1.1000660852939625,-1.0020749855841706
1460,socioeconomic,stereo,-21.344656825065613,-20.70554419979453,12,12,-1.7787214020888011,-1.7254620166495442
1461,race-color,stereo,-35.78143127380463,-37.014691535485326,20,20,-1.7890715636902315,-1.8507345767742662
1462,race-color,stereo,-36.0884105861187,-45.119598248042166,17,17,-2.122847681536394,-2.6540940145907155
1463,race-color,stereo,-23.138578278943896,-22.29697748273611,10,10,-2.3138578278943895,-2.229697748273611
1464,gender,antistereo,-55.595232776133344,-54.56825764896348,21,21,-2.6473920369587307,-2.5984884594744515
1465,socioeconomic,stereo,-35.55297097147559,-33.60596716500004,14,14,-2.5394979265339708,-2.4004262260714313
1466,race-color,antistereo,-23.607182756066322,-19.12396175786853,10,10,-2.360718275606632,-1.9123961757868528
1467,nationality,stereo,-53.80906673986465,-50.565579139161855,22,22,-2.4458666699938476,-2.298435415416448
1468,gender,antistereo,-11.030695304274559,-12.60211830958724,8,8,-1.3788369130343199,-1.575264788698405
1469,age,antistereo,-42.629027887713164,-43.81083507137373,19,19,-2.2436330467217456,-2.3058334248091437
1470,gender,stereo,-25.826648384332657,-25.442579686641693,11,11,-2.3478771258484232,-2.3129617896946995
1471,gender,antistereo,-20.41523822210729,-19.406657118350267,9,9,-2.2683598024563656,-2.156295235372252
1472,age,stereo,-52.56303272466175,-51.260132131166756,18,18,-2.9201684847034306,-2.847785118398153
1473,religion,stereo,-69.79387984797359,-73.0115802846849,22,22,-3.1724490839987993,-3.3187081947584045
1474,gender,stereo,-24.80569855251815,-25.275146875646897,20,20,-1.2402849276259076,-1.2637573437823448
1475,race-color,stereo,-20.46219551563263,-20.117652282118797,11,11,-1.860199592330239,-1.828877480192618
1476,gender,antistereo,-36.8386395201087,-37.34884914755821,14,14,-2.6313313942934786,-2.667774939111301
1477,race-color,stereo,-47.55359798669815,-49.990826562047005,13,13,-3.6579690758998575,-3.8454481970805388
1478,gender,antistereo,-61.05603395309299,-61.39054137142375,28,28,-2.1805726411818926,-2.1925193346937055
1479,gender,stereo,-37.398354020668194,-38.04346462630201,16,16,-2.337397126291762,-2.3777165391438757
1480,race-color,stereo,-44.08042203634977,-43.898623215034604,13,13,-3.390801695103829,-3.376817170387277
1481,sexual-orientation,stereo,-32.871431082487106,-36.4295719563961,15,15,-2.1914287388324736,-2.428638130426407
1482,sexual-orientation,stereo,-88.25542309088632,-81.7752004750073,24,24,-3.677309295453597,-3.4073000197919705
1483,race-color,stereo,-54.01312237372622,-56.24614368175389,23,23,-2.3483966249446184,-2.4454845079023433
1484,nationality,stereo,-21.707746894986485,-24.449553435733833,14,14,-1.5505533496418917,-1.746396673980988
1485,gender,antistereo,-26.099253954249434,-26.07700015780574,14,14,-1.864232425303531,-1.8626428684146958
1486,gender,stereo,-33.41596766469229,-33.497364341623324,28,28,-1.1934274165961531,-1.1963344407722616
1487,race-color,stereo,-29.217780843377113,-31.55026850104332,12,12,-2.434815070281426,-2.62918904175361
1488,race-color,stereo,-27.128276139497757,-26.766183078289032,8,8,-3.3910345174372196,-3.345772884786129
1489,race-color,stereo,-55.3682276327163,-57.03623018134385,19,19,-2.9141172438271736,-3.0019068516496765
1490,race-color,stereo,-59.13221489101488,-52.52039445361879,36,36,-1.6425615247504135,-1.4588998459338554
1491,socioeconomic,antistereo,-20.475152945757145,-19.10736535405158,8,8,-2.559394118219643,-2.3884206692564476
1492,socioeconomic,stereo,-43.58423018082976,-42.07584773004055,17,17,-2.5637782459311627,-2.4750498664729736
1493,socioeconomic,stereo,-26.51022085184013,-29.769983746231446,18,18,-1.4727900473244517,-1.653887985901747
1494,gender,stereo,-28.611283050646307,-28.460810004908126,13,13,-2.200867926972793,-2.189293077300625
1495,gender,stereo,-27.243110479786992,-30.940317690372467,12,12,-2.270259206648916,-2.5783598075310388
1496,physical-appearance,stereo,-24.881116056116298,-26.297351196873933,20,20,-1.2440558028058148,-1.3148675598436967
1497,race-color,stereo,-28.7140167770267,-32.96182835349464,14,14,-2.05100119835905,-2.3544163109639027
1498,socioeconomic,stereo,-46.53896892815828,-46.08739498630166,12,12,-3.878247410679857,-3.840616248858472
1499,gender,stereo,-13.4094770103693,-19.017448037862778,9,9,-1.4899418900410335,-2.113049781984753
1500,race-color,stereo,-26.400418227538466,-25.12450929672923,13,13,-2.0308014021183434,-1.9326545612868637
1501,gender,antistereo,-55.88125202059746,-52.4687639400363,19,19,-2.9411185273998663,-2.761513891580858
1502,religion,stereo,-20.90125562058529,-19.03942472609924,19,19,-1.1000660852939625,-1.0020749855841706
1503,race-color,stereo,-58.433164954185486,-55.46735969185829,15,15,-3.8955443302790322,-3.6978239794572194
1504,nationality,stereo,-43.78744476661086,-44.355658423155546,17,17,-2.5757320450947567,-2.6091563778326794
1505,age,stereo,-29.88336631569473,-33.963429537750926,19,19,-1.5728087534576174,-1.7875489230395225
1506,physical-appearance,stereo,-17.98563039302826,-17.081664629280567,10,10,-1.798563039302826,-1.7081664629280566
1507,religion,stereo,-17.540274016850162,-17.15769804318552,9,9,-1.9489193352055736,-1.90641089368728
